english,pos,chinese,cat,skipunlucky,adjective
unlucky,adj.,不幸的；倒霉的；不吉祥的,3,,
overhead,adj. / n. / adv.,在頭頂上的；經常費用；在頭頂上,3,,
lush,adj. / n. / v.,蒼翠繁茂的；酒；喝酒,3,,
exciting,adj.,令人興奮的；令人激動的；excite的動詞現在分詞、動名詞,2,,
pipe dream,ph.,幻想；空想；白日夢,2,,
so that,ph.,如此...以致於...；為的是；以便,1,,
several,adj. / pron.,幾個的；數個的；幾個,1,,
wilderness,n.,荒野；荒漠；無人煙處,3,,
cart,n. / v.,二輪運貨車；用運貨車裝運；趕運貨車,3,,
all of a sudden,ph.,突然地；出乎意料地,2,,
poke,v. / n.,戳；捅,3,,
bore,vi / vt / n.,鑽孔；.鑽；n.孔,3,,
padding,n.,墊塞；填料；補白,3,,
shortcoming,n.,缺點；短處,3,,
excessively,adv.,過度地；過分地；極度地,3,,
unfortunately,adv.,不幸地；遺憾地；可惜,2,,
fabricate,v.,製造；組裝；偽造,3,,
pleasing,adj.,令人愉快的；討人喜歡的；使人滿意的,3,,
shampoo,v. / n.,洗；洗髮,3,,
hinge,n. / v.,鉸鏈；給……安裝鉸鏈；靠鉸鏈轉動,3,,
rove,v. / n.,徘徊,3,,
oath,n.,誓言；誓約；宣誓,3,,
contractor,n.,立契約者；承包人；承包商,2,,
foam,n. / v.,泡沫；起泡沫；使起泡沫,3,,
transparent,adj.,透明的；清澈的；顯而易見的,2,,
dressing,n.,穿衣；服飾；衣服,2,,
pamper,v.,縱容；姑息；嬌養,3,,
horizon,n.,地平線；範圍；眼界,2,,
mature,adj. / v.,成熟的；變成熟；使成熟,2,,
agriculture,n.,農業；農耕；農藝,2,,
price,n. / v.,價格；價錢；給……定價,1,,
collude,v.,共謀；串通,3,,
bribery,n.,行賄；受賄,3,,
incorruptible,adj.,不腐敗的；不能收買的；清廉的,3,,
facade,n.,正面；前面；表面,3,,
multiple,adj. / n.,由許多部分組成的；複合的；倍數,2,,
above-mentioned,adj.,上述的；上面提到的,2,,
imperial,adj. / n.,帝國的；皇帝髯,2,,
thinking,adj. / n.,思想的；思想；思考,1,,
quail,n.,鵪鶉；少女；姑娘,3,,
throb,v. / n.,跳動；悸動,3,,
teahouse,n.,茶室；茶館；茶葉部,3,,
go into,ph.,進入；能放在...之內；能除,1,,
trash,n. / v.,廢物；垃圾；修剪的枯枝殘葉,2,,
sure,adj. / adv.,確信的；有把握的；的確,1,,
Europe,n.,歐洲,1,,
preposterous,adj.,十分荒謬的；可笑的；反常的,3,,
mandible,n.[c,頷；下顎骨；上顎,3,,
terrace,n. / v.,大陽臺；使成梯形地,3,,
famine,n.,饑荒；飢餓,3,,
scorching,adj.,灼熱的；尖刻的；激烈的,3,,
lascivious,adj.,淫蕩的；好色的,3,,
coriander,n.,芫荽；香菜,3,,
take it easy,ph.,別著急,1,,
freak,n. / adj.,任性的舉動；反常的；怪異的,2,,
raise money,ph.,籌錢,2,,
proclaim,v.,宣告；公布；聲明,3,,
catch cold,ph.,感冒,2,,
wanton,a.[z / v.,惡意的；任性；揮霍,3,,
methamphetamine,n.,甲基苯丙胺；脫氧麻黃鹼,3,,
loss,n.,喪失；遺失；損失,1,,
disgraceful,adj.,不名譽的；可恥的；失體面的,3,,
quotation,n.,引用；引證；引文,3,,
thunderbolt,n.,雷電；霹靂；突發意外事件,3,,
turncoat,n.,背叛者；變節者,3,,
be about to,ph.,即將；正要,1,,
timeline,n.,時間表；時間軸；大事紀,2,,
holistic,adj.,全部的；功能完整的,3,,
servant girl,ph.,女僕,2,,
venerate,v.,尊敬；崇敬,3,,
writer,n.,作者；作家；記者,2,,
go around,ph.,從一地或一人傳到另一地或另一人；一起；滿足需求,1,,
adapt,v.,使適應；使適合；適應,3,,
soap,n. / v.,肥皂；用肥皂擦洗,2,,
otherwise,adv.,用別的方法；不同樣地；在其他方面,2,,
turmoil,n.,騷動；混亂,3,,
rubbish,n. / v.,垃圾；抨擊,3,,
pincers,n.,鉗子；夾子；拔毛器,3,,
get out of the way,ph.,讓路；避開；除去,1,,
scoop,n. / v.,勺子；用勺舀；用鏟子鏟,3,,
tremendous,adj.,巨大的；極大的；極度的,2,,
rascal,n.,流氓；無賴；惡棍,3,,
cancel,v. / n.,刪去；劃掉；相約,2,,
eel,n.,鰻魚；蛇形魚類,3,,
blink,v. / n.,眨眼睛；眨；一瞥,3,,
plagiarize,v.,抄襲；剽竊,3,,
spoon,n. / v.,匙；湯匙；用匙舀,3,,
monk,n.,修道士；僧侶,3,,
peek,v. / n.[s,偷看；窺視；偷偷一看,3,,
amazing,adj.,驚人的；令人吃驚的；amaze的動詞現在分詞、動名詞,1,,
sharpen,v.,削尖；磨快；變尖,3,,
stock exchange,ph.,證券交易所,2,,
dye,n. / v.,染料；染色；染,3,,
think highly of,ph.,評價高,2,,
cane,n. / v.,莖；用藤條等編製,3,,
detonate,v.,使爆炸；爆炸,3,,
deceitful,adj.,騙人的；欺詐的；虛假的,3,,
falcon,n.,隼；獵鷹,3,,
expedition,n.,遠征；探險；考察,3,,
cuckoo,n. / v.,杜鵑；布穀鳥；作杜鵑叫,3,,
undermine,v.,在……下挖坑道；侵蝕……的基礎,3,,
stand out,ph.,突出；顯著；堅持,1,,
adjourn,v.,使中止；休會,3,,
tent,n. / v.,帳篷；帳棚；住帳篷,2,,
snort,v. / n.,噴鼻息；哼著鼻子說,3,,
bitter,adj. / adv. / n.,有苦味的；苦的；嚴寒刺骨地,2,,
calendar,n. / v.,日曆；把……排進日程表,2,,
chew,v. / n.,嚼；咀嚼；嚼碎,3,,
monastery,n.,修道院；僧院；全體修道士,3,,
displacement,n.,移位；置換；取代,3,,
deficit,n.,不足額；赤字,2,,
competent,adj.,有能力的；能幹的；能勝任的,3,,
intellectual,adj. / n.,智力的；知識分子,2,,
attachment,n.,連接；安裝；附著,3,,
snowberry,n.,雪漿果,3,,
washed out,ph.,褪色的；無色的；筋疲力盡的,2,,
emotional,adj.,感情的；易動情的；感情脆弱的,2,,
spit,v. / n.,吐；吐口水；唾液,3,,
seemingly,adv.,表面上；似乎是,2,,
sluice,n. / v.,水閘；水門；排泄,3,,
beach,n. / v.,海灘；將拖上岸,2,,
because,conj.,因為,1,,
folk song,ph.,民謠；俚謠,2,,
apprentice,n. / v.,學徒；徒弟；使當學徒,3,,
presumptuous,adj.,放肆的；冒昧的；專橫的,3,,
dilettante,n. / adj.,一知半解者；淺薄的,3,,
arrangement,n.,安排；準備工作；約定,2,,
metaphor,n.,隱喻；象徵,3,,
spare no effort,ph.,不遺餘力地,2,,
eulogize,v.,頌揚,3,,
satisfactory,adj.,令人滿意的；符合要求的；良好的,3,,
inconvenience,n. / v.,不便；給……造成不便,3,,
college,n.,大學；學院,1,,
despair,n. / v.,絕望；喪失信心,3,,
autocracy,n.,獨裁；獨裁政治；專制政治,3,,
agreement,n.,同意；一致；協定,2,,
philosophy,n.,哲學；哲學體系,2,,
uninterrupted,adj.,不間斷的；連續的,3,,
saint,n. / v.,聖徒；承認為聖徒；使成為聖徒,2,,
interdependent,adj.,相互依賴的；互助的,3,,
headquarters,n.[m,司令部；總部；總署,2,,
talk about,ph.,談論/談到,1,,
scarlet,n. / adj.,猩紅色；緋紅色；鮮紅色,3,,
poisonous,adj.,有毒的；有害的；惡毒的,3,,
redundant,adj.,多餘的；過剩的；累贅的,3,,
put off,ph.,延遲；拖延；駛離碼頭等,1,,
resume,v.,重新開始；繼續,2,,
signboard,n.,招牌；布告板,3,,
installation,n.,就任；就職；就職典禮,2,,
map,n. / v.,地圖；繪製……的地圖；在地圖上表示出,2,,
pockmark,n. / v.,痘疤；使留下痘疤,3,,
serial number,ph.,編號；序號,2,,
favorite,n. / adj.,特別喜愛的人；特別喜愛的,2,,
leeway,n.,風壓差；偏航；餘地,3,,
put into practice,ph.,實施；執行,2,,
withhold,v.,抑制；克制；自制,3,,
tortoise shell,ph.,#NAME?,3,,
Chinese,adj. / n.,中國的；中國人,1,,
little by little,ph.,漸漸地,1,,
willow,n. / v.,打棉機；清花機；用打棉機清理,3,,
armband,n.,臂章；袖章；臂環,3,,
lure,n. / v.,誘惑物；引誘；誘惑,3,,
hop,v. / n.,單足跳；跳過；躍過,2,,
chick,n.,小雞；小鳥,2,,
unbearable,adj.,不能忍受的；令人不能容忍的,3,,
doll,n. / v.,玩偶；洋娃娃；把……打扮得花枝招展,2,,
equivocate,v.,說話模稜兩可；含糊其辭；推諉,3,,
jaw,n. / v.,頜；閒聊；嘮叨,3,,
cash,n. / v.,現金；現款；把……兌現,2,,
anus,n.,肛門,3,,
return home,ph.,回家,1,,
atlas,n.,地圖集；圖解集；以肩頂天的巨神阿特力士,3,,
corridor,n.,走廊；迴廊；通道,3,,
specific,adj. / n.,特殊的；特定的；特性,1,,
inarticulate,adj.,口齒不清的；發音不清晰的；說不出話來的,3,,
flaunt,v.,炫耀；誇示；飄揚,3,,
twinkling,adj. / n.,閃爍的；閃爍,3,,
coy,adj. / v.,害羞的；靦腆的；愛撫,3,,
leather,n. / adj. / v.,皮革；皮的；用皮革包蓋,2,,
earthworm,n.,蚯蚓,3,,
offense,n.,罪過；犯法；過錯,2,,
raft,n. / v.,木排；木筏；用筏子運送,3,,
stink,v. / n.,發惡臭；用臭氣趕出；惡臭,3,,
gaudy,n.,招待會；盛大宴會,3,,
excuse me,ph.,請問；請原諒；對不起,2,,
sewer,n. / v.,汙水管；下水道；陰溝,3,,
client,n.,委託人；當事人；顧客,2,,
once again,ph.,再一次,1,,
fret,v. / n.,使苦惱；苦惱,3,,
optometry,n.,視力檢測；驗光；視光,3,,
dregs,n.,殘渣；渣滓,3,,
dusky,adj.,略黑的；黑黝黝的；微暗的,3,,
commentary,n.,評論；系統的註釋,2,,
infinitesimal,adj. / n.,極微小的；無限小的；極微之量,3,,
compatible,adj.,能共處的；可並立的；適合的,3,,
mansion,n.,大廈；大樓；宅第,2,,
classmate,n.,同班同學,3,,
visible,adj.,可看見的；顯而易見的；引人注目的,2,,
prove,v.,證明；證實；證明是,2,,
disarmament,n.,解除武裝；繳械；裁軍,3,,
ordinal number,ph.,序數,3,,
inexpensive,adj.,花費不多的；價錢低廉的,3,,
palm,n. / v.,手掌；手心；把……藏於手中,2,,
initiative,n. / adj.,主動的行動；開始的,2,,
require,v.,需要；要求；命令,2,,
volunteer,n. / adj. / v.,自願參加者；志願者；義工,2,,
stomachache,n.,胃痛；腹痛,3,,
know well,ph.,最知就裡；最在行,1,,
endanger,v.,危及；使遭到危險,3,,
come out,ph.,停止工作；罷工；初進社交界,1,,
estate,n.,地產；財產；資產,2,,
decode,v.,譯解,3,,
realistic,adj.,現實的；注重實際的；實際可行的,2,,
online,adj. / adv.,連線作業的；連線地,1,,
make a fool of oneself,ph.,出醜,3,,
carriage,n.,四輪馬車；客車廂,3,,
determined,adj.,已下決心的；果斷的；決然的,2,,
confiscate,v. / adj.,沒收；將……充公；被沒收的,3,,
dazzle,v. / n.[u,使目眩；使眼花；耀眼的光,3,,
pedestal,n. / v.,柱腳；把……放在臺座上,3,,
fascinating,adj.,迷人的；極美的；極好的,2,,
employee,n.,受僱者；僱工；僱員,2,,
sequel,n.[c,繼續；隨之而來的事；續集,3,,
a long time,ph.,很久以前,1,,
renounce,vt. / v.,聲明放棄；放棄權利,3,,
bladder,n.,膀胱；水生植物的氣囊；脹大的果皮,3,,
bump into,ph.,碰撞上...；碰見某人；偶遇,3,,
curve,n. / v.,曲線；弧線；使彎曲,2,,
come to an end,ph.,終結；結束,1,,
accusation,n.,指控；控告；指責,3,,
barge,n. / v.,駁船；大型平底船；笨重緩慢地移動,3,,
efficacy,n.,效力；功效,3,,
jam-packed,adj.,擠滿的；塞緊的；jam-pack的動詞過去式、過去分詞,3,,
do business,ph.,起作用；奏效；可以滿足要求,1,,
rumble,v. / n.,隆隆響；使隆隆響；隆隆聲,3,,
all day long,ph.,一整天,1,,
isolated,adj.,孤立的；分離的；隔離的,2,,
pregnancy,n.,懷孕；豐富；多產,2,,
matrix,n.,母體；基礎；子宮,2,,
fall asleep,ph.,睡著,2,,
humane,adj.,有人情味的；人道的；仁慈的,3,,
slippery,adj.,滑的；容易滑的；須小心對待的,3,,
grudge,v. / n.,怨恨,3,,
no avail,ph.,沒有成果；完全無用,3,,
genitalia,n.,生殖器,3,,
adultery,n.,通姦；通姦行為,3,,
claim,n. / v.,要求；提出要求,2,,
settle down,ph.,平靜下來；坐定；坐穩,2,,
anyhow,adv.,無論如何；不管怎麼說；不管從什麼角度,3,,
sullen,adj.,不高興的；繃著臉的；慍怒的,3,,
tidy,adj. / n. / v.,整潔的；整齊的；罩布,3,,
national,adj. / n.,全國性的；國民；國人,1,,
due to,ph.,因為；由於,1,,
diverse,adj.,不同的；互異的；多種多樣的,2,,
sledge,n. / v.,大錘；用大錘敲打；用大錘打,3,,
distinguished,adj.,卓越的；著名的；高貴的,2,,
magazine,n.,雜誌；期刊；彈倉,2,,
get married,ph.,結婚；完婚,1,,
presentable,adj.,可見人的；漂亮的；可提出的,3,,
corruption,n.,墮落；腐化；貪汙,2,,
pile,n. / v.,堆；堆積；疊,2,,
barrier,n.,障礙物；路障；柵欄,2,,
scabies,n.,疥瘡,3,,
daughter,n.,女兒；養女；媳婦,1,,
exist,v.,存在；生存；生活,2,,
by chance,ph.,意外地；偶然,1,,
peer,n. / v.,同等的人；與……相比；與……同等,2,,
benevolence,n.,仁慈；善心；善意,3,,
pick out,ph.,挑選；辨認出,1,,
auxiliary,adj. / n.,輔助的；輔助者；助手,3,,
fawn on,ph.,奉承；拍馬,3,,
federal,adj. / n.,美國聯邦政府的；國家的；北部聯盟支持者,1,,
pinch,v. / n.,捏；擰；夾痛,3,,
thief,n.,賊；小偷；燭花,3,,
daring,adj. / n.,大膽的；勇敢的；勇敢,3,,
masterpiece,n.,傑作；名作；最傑出的作品,3,,
bungle,v. / n.,笨手笨腳地做；失誤,3,,
pants,n.,褲子；寬鬆的長褲；短褲,2,,
arena,n.,角鬥場；競技場；比賽場,2,,
islet,n.,小島,3,,
wheelbarrow,n.,獨輪小車；手推車,3,,
minimum,n. / adj.,最小量；最小數；最小的,2,,
metropolis,n.,大都市；首都；首府,3,,
substrate,n.,基質；底物,3,,
all right,ph.,安全的；良好的；正確的,1,,
necklace,n.,項鍊,3,,
run into,ph.,偶然碰到；陷入,1,,
segment,n. / v.,部分；分割；切割,2,,
enter,v.,進入,2,,
line,n. / v.,繩；線；索,1,,
when all is said and done,ph.,說到底；畢竟；歸根到底,1,,
one-sided,adj.,片面的；偏於一方的；不均衡的,3,,
forfeit,v. / n. / adj.,喪失；喪失的東西；因受罰而喪失的,3,,
throw off,ph.,扔掉；匆匆脫掉；迷惑,2,,
harness,n. / v.,馬具；挽具；給……上挽具,3,,
lithe,adj.,易彎的；柔軟的；輕盈的,3,,
turn round,ph.,在一航程終點卸貨並為下一航程裝貨；開始顯示相反的動向,2,,
one side,adj.,片面的；偏於一方的；不均衡的,1,,
for the time being,ph.,目前；暫時,1,,
brew,v. / n.,釀造；釀酒；釀製飲料,3,,
promising,adj.,有希望的；有前途的；大有可為的,2,,
foreword,n.,序；前言,3,,
primer,n.,識字課本；初級課本；入門書,3,,
extremity,n.,末端；盡頭；極度,3,,
sunshine,n.,陽光；晴天,2,,
bus,n. / v.,巴士；用公車運送；乘公車出門,2,,
tannin,n.,丹寧酸；丹寧；鞣酸,3,,
messy,adj.,混亂的；麻煩的,3,,
ferry,n. / v.,擺渡；渡過,2,,
medal,n.,獎章；紀念章；勛章,2,,
unoccupied,adj.,沒人住的；沒人佔用的；空著的,3,,
perplexed,adj.,困惑的；茫然不知所措的；複雜的,3,,
on the whole,ph.,大體上；一般說來,1,,
place an order,ph.,提交…訂單；訂購…,1,,
sympathize,vi.[,同情；憐憫；吊慰,3,,
housekeeper,n.,女管家；女佣人領班；勤雜工女領班,3,,
hey,int.,嗨；喂,1,,
derivation,n.,誘導；來歷；起源調查,3,,
science,n.,科學；自然科學；學科,1,,
irony,n.,反語；冷嘲；諷刺,3,,
dynasty,n.,王朝；朝代,3,,
marvel,n. / v.,令人驚奇的事物；對……感到驚異；感到驚訝,2,,
paralysis,n.,麻痺；癱瘓；完全無力,3,,
mow,v.,刈；刈草,3,,
browse,v. / n.,吃葉；吃；嫩葉,3,,
opponent,n. / adj.,對手；對立的；對抗的,2,,
worm,n. / v.,蟲；蠕蟲；使蠕動,3,,
reed,n. / v.,蘆葦；用蘆葦蓋,2,,
concept,n.,概念；觀念；思想,2,,
backlash,n.,反衝；反撞；強烈反應,3,,
pet,n. / adj. / v.,供玩賞的動物；寵物；作為玩賞動物豢養的,2,,
scrap,n. / v.,碎片；小塊；將……作為廢物,3,,
snack,n. / v.,快餐；吃快餐,3,,
career,n. / v. / adj.,職業；猛衝；飛跑,1,,
bench,n. / v.,長凳；在……放長凳,2,,
biotechnology,n.,生物技術；生物工程,3,,
bilateral,adj. / n.,有兩邊的；對等契約,3,,
illness,n.,患病；身體不適；疾病,2,,
ventilate,v.,使通風；使換氣；給……裝置通風設備,3,,
small-minded,adj.,心胸狹窄的；氣量小的；固執己見的,2,,
moth,n.,蛾；蠹；蛀蟲,3,,
diaphragm,n.,橫膈膜；膈膜,3,,
usual,adj.,通常的；平常的；慣常的,2,,
brocade,n. / v.,錦緞；花緞；金線織花的錦緞,3,,
clip,v. / n.,剪,2,,
son,n.,兒子；養子；繼子,1,,
brothel,n.,妓院,3,,
utensil,n.,器皿；用具,3,,
brown,adj. / n. / v.,褐色的；棕色的；褐色,1,,
streamer,n.,橫幅；長旗；幡,3,,
soup,n.,湯；濃霧；厚雲層,2,,
tenacious,adj.,緊握的；堅持的；頑強的,3,,
conspiracy,n.,陰謀；謀叛；共謀,2,,
despondent,adj.,沮喪的,3,,
environment,n.,環境；四周狀況；自然環境,2,,
condor,n.,兀鷹,3,,
dome,n. / v.,圓屋頂；圓蓋；穹窿,3,,
puppet,n.,木偶；玩偶；傀儡,3,,
punishment,n.,處罰；懲罰；刑罰,2,,
implicit,adj.,不言明的；含蓄的；內含的,3,,
dirge,n.,送葬曲；輓歌；悲哀莊重的歌曲,3,,
throw out,ph.,無意間透露；暗示；不予考慮,2,,
leopard,n.,豹；美洲豹；獅像,3,,
excited,adj.,興奮的；激動的；活躍的,2,,
greet,v.,問候；迎接；招呼,3,,
assassinate,v.,暗殺；對……行刺；詆毀,3,,
square brackets [ ],ph.,方括號,3,,
resounding,adj.,響亮的；轟動的；馳名的,3,,
tribute,n.,進貢；貢物；貢金,2,,
percentage,n.,百分率；百分比；比例,2,,
never,adv.,從未；永不；絕不,1,,
fling,v. / n.,扔；擲；拋,3,,
left,adj. / adv. / n.,左方的；在左邊；左,1,,
take stock,ph.,清點存貨；評估,2,,
well-off,ph.,富裕的；幸運的,1,,
creep,v. / n.,躡手躡足地走；爬；蠕動,3,,
independent,adj. / n.,獨立的；自治的；自主的,2,,
associate,n. / adj.,夥伴；夥伴的,2,,
language,n.,語言；語言文字,1,,
haggle,n. / v.,爭論；亂劈；亂砍,3,,
bring,v.,帶來；拿來；使產生,1,,
flag,n. / v.,旗；在……上豎旗子,2,,
no good,n. &,毫無用處的,1,,
shoe,n. / v.,鞋；給釘蹄鐵,2,,
condiment,n.,調味品；佐料,3,,
devoted,a.[(,獻身的；虔誠的；專心致志的,2,,
sphere,n. / v.,球；使成球形,3,,
much,adj. / pron. / adv.,許多；大量；非常,1,,
rouse,v. / n.,弄醒；叫醒；被喚醒,3,,
blemish,n. / v.,瘢點；玷汙,3,,
chaos,n.,混亂；雜亂的一團；混沌,2,,
renege,v. / n.,食言；否認；有牌而不跟,3,,
super,n. / adj.,管理員；大的；極度的,1,,
meld,v. / n.,出示；出示得分的牌；將牌出示,3,,
congenial,adj.,協調的；一致的；意氣相投的,3,,
voluntary,adj. / n.,自願的；志願的；自願行動,2,,
salt,n. / adj. / v.,鹽；鹹水的；給……加鹽,2,,
pub,abbr.,=public；=publicity,2,,
consecrate,v. / adj.,使聖化；奉為神聖的,3,,
indulge in,ph.,沈迷於,3,,
breadth,n.,寬度；幅度；幅面,3,,
love affair,ph.,戀愛關係；男女情事；風流事,2,,
unfold,v.,展開；攤開,3,,
meet with,ph.,偶然碰到；與...會面；符合,1,,
write down,ph.,寫下；記載；降低,2,,
swim,v. / n.,游；游泳；游過,2,,
guest,n. / adj. / v.,客人；賓客；客人的,2,,
autumn,n. / adj.,秋季；秋天；秋天的,2,,
scrape,v. / n.,刮；擦,3,,
for instance,ph.,例如,2,,
blab,v. / n.,洩漏；瞎說亂講；多嘴的人,3,,
copulate,v.,交配；交尾；接合,3,,
fairly,adv.,公平地；公正地；正當地,2,,
cross over,ph.,融合多種風格以吸引不同品味觀眾的影片；融合多種風格以吸引不同品味聽眾的音樂,2,,
earwax,n.,耳垢,3,,
adopt,v.,採取；過繼,2,,
spout,v. / n.,噴出；噴射；噴口,3,,
ranking,adj. / n.,等級高的；等級,2,,
police,n. / v.,警察；警方；維持……的治安,1,,
potential,adj. / n.[u,潛在的；可能的；可能性,1,,
stalwart,adj. / n.,健壯的；健壯的人,3,,
manifest,adj. / v.,顯然的；明白的；清楚的,3,,
institution,n.,制度；習俗；公共團體,2,,
good luck,ph.,僥倖,2,,
dark gray,ph.,the qualities that distinguish people from one another are obscured in some circumstances；and if they can't be perceived they don't matter,2,,
wise,adj.,有智慧的；聰明的；英明的,2,,
deteriorate,v.,惡化；使惡化,3,,
robber,n.,搶劫者；強盜,3,,
broccoli,n.,青花菜；綠花椰；美國花菜,3,,
dialect,n. / adj.,方言；土話；方言的,3,,
come across,ph.,碰見；被理解；偶然碰見,1,,
puzzled,adj.,困惑的；搞糊塗的；茫然的,3,,
cruise,v. / n.,巡航；巡航於,2,,
cigarette butt,ph.,菸蒂,3,,
decrepit,adj.,衰老的；東倒西歪的；破舊的,3,,
moor,vt.[ / v.,使停泊；繫泊；停泊,3,,
conceited,adj.,自負的；驕傲自滿的；自誇的,3,,
negative,adj. / n. / v.,否定的；否定；拒絕,2,,
masturbate,v.,手淫；對……行手淫,3,,
escalator,n.,自動樓梯；電扶梯；按生活指數作出調整的條款,3,,
oriole,n.,黃鸝；金鶯,3,,
scoop out,ph.,舀出；挖出,3,,
answer back,ph.,頂嘴；為自己辯護；辯白,1,,
cremate,v.,將……燒成灰；火葬,3,,
specify,v.,具體指定；詳細指明；明確說明,3,,
imply,v.,暗指；暗示；意味著,3,,
at all times,ph.,隨時；永遠,1,,
touchscreen,n.,觸控螢幕,3,,
defender,n.,防禦者；守衛者；保護者,2,,
lax,adj. / n.,鬆弛的；鬆弛的母音,3,,
aristocracy,n.,貴族；特權階級；上層社會,3,,
chip,n. / v.,屑片；碎片；削,2,,
clause,n.,條款；款；子句,3,,
criticism,n.[u,批評；評論；苛求,2,,
instructor,n.,教師；教練；指導者,2,,
front line,ph.,前線；最前線；戰線,1,,
beggar,n. / v.,乞丐；叫化子；使淪為乞丐,3,,
excerpt,v.,摘錄；引用,3,,
import,n.,進口；輸入；進口商品,2,,
discontented,adj.,不滿的；不滿足的；discontent的動詞過去式、過去分詞,3,,
instruction,n.,教學；講授；教育,2,,
for example,ph.,例如；譬如,1,,
mutual,adj.,相互的；彼此的；共有的,2,,
handwriting,n.,書寫；手寫；筆跡,3,,
deduce,v.,演繹；推論；追溯,3,,
wrench,v. / n.,猛扭；猛擰；扳手,3,,
mailbox,n.[c,郵筒；郵箱；信箱,3,,
wardrobe,n.,衣櫥；衣櫃；藏衣室,3,,
proficient,adj. / n.,精通的；熟練的；能手,3,,
compact,adj. / v.,緊密的；結實的；使緊密,2,,
cauliflower,n.,花椰菜；花椰菜的花,3,,
condemn,v.,責難；責備；譴責,3,,
devious,adj.,迂迴的；彎曲的；離開正道的,3,,
reconnoiter,v.,偵察；踏勘,3,,
sumptuous,adj.,奢侈的；豪華的；昂貴的,3,,
frightening,adj.,令人恐懼的；使人驚嚇的；frighten的動詞現在分詞、動名詞,3,,
last,v.,持續；度過；拖過,1,,
capital,n. / adj.,首都；可處死刑的,1,,
gamble,v. / n.,賭博；賭掉；輸光,3,,
gash,n. / v.,深長的切口；砍傷,3,,
so much so that,ph.,到如此程度以致...,1,,
astrology,n.,占星術；占星學,3,,
portray,v.,畫；描寫；把……描繪成,3,,
make a profit,ph.,獲利；得益；賺錢,2,,
expense,n.,費用；價錢；支出,2,,
upper arm,ph.,上臂,2,,
giggle,v. / n.,咯咯地笑；咯咯地笑著說；咯咯的笑,3,,
in a daze,ph.,處於茫然狀態,3,,
cerumen,n.,耳垢,3,,
expropriate,v.,徵用；沒收；剝奪……的所有權,3,,
plank,n. / v.,板；在……上鋪板,3,,
fingerprint,n. / v.,指紋；指印；採……的指紋,3,,
relevant,a.[(,有關的；切題的；恰當的,2,,
rupture,n. / v.,破裂,3,,
borrower,n.,借用人；剽竊者,3,,
berth,n. / v.,停泊處；錨位；使停泊,3,,
commerce,n.,商業；貿易；交易,2,,
farm work,ph.,田間勞作；農活,2,,
vestibule,n. / v.,門廳；前廳；為……設置門廊,3,,
ghost,n. / v.,鬼；幽靈；鬼魂般纏住,2,,
publication,n.,出版；發行；出版物,2,,
bruising,n. / adj.,挫傷；十分激烈的；殊死的,3,,
family tree,ph.,家譜；系統,2,,
winnow,v.,簸；簸穀,3,,
gamma,n.,希臘文字母的第三字母；丫紋夜蛾,3,,
fairy,n. / adj.,小妖精；小妖精的,2,,
mad,adj. / v.,發瘋的；發狂的；使發狂,2,,
roam,v. / n.,漫步；在……漫步,3,,
lake,n.,湖；池,2,,
riddle,n. / v.,謎；謎語；解……的謎,3,,
wrist,n.,腕；腕關節；腕部,2,,
net,n. / v.,網；用網捕；編網,2,,
syrup,n.,糖漿；果汁；含藥糖漿,3,,
amass,v.,積聚；積累；堆積,3,,
enrich,v.,使富裕；使豐富,3,,
sparkle,v. / n.,發火花；使發光；火花,3,,
thump,n. / v.,重擊；捶擊,3,,
hold hands,ph.,手攙手,2,,
broth,n.,湯,3,,
pat,n. / v.,輕拍；輕打；撫拍,2,,
tuberculosis,n.,結核病,3,,
fever,n. / v.,發燒；發熱；使發燒,2,,
ratio,n.,比；比率；比例,2,,
slit,v. / n.,切開；縱切；狹長的口子,3,,
provocative,adj. / n.,氣人的；刺激物,3,,
these,pron. / adj.,這些；這些的,1,,
amusement,n.,樂趣；興味；娛樂,3,,
cotton,n. / v. / adj.,棉；棉花；棉屬植物,2,,
mast,n. / v.,桅杆；檣；在……上裝桅杆,3,,
husk,n. / v.,外皮；除去……的外殼,3,,
more than,ph.,超過；比...更多,1,,
in fact,ph.,事實上；實際上,1,,
belong to,ph.,屬於；是...的成員,2,,
overnight,adv. / a.[z,通宵；一整夜的,2,,
investigator,n.,調查者；研究者；審查者,3,,
blister,n. / v.,水泡；使起水泡；起水泡,3,,
be able to,ph.,能夠,1,,
quantity,n.,量；數量；分量,2,,
baffle,v. / n.,使受挫折；阻撓；做徒勞掙扎,3,,
preamble,n.,序文；前言；電報報頭,3,,
climb over,ph.,認錯；讓錯,2,,
gestation,n.,懷孕；懷孕期；母體哺育期,3,,
vacuous,adj.,空的；空虛的,3,,
reminisce,v.,追憶；回想,3,,
shower,n. / v.,陣雨；下陣雨；噴淋,2,,
slip-up,ph.,弄錯,2,,
beetle,n. / v.,甲蟲；急忙來回,3,,
marrow,n.,髓；骨髓；精華,3,,
colorful,adj.,富有色彩的；鮮豔的；多姿多采的,3,,
deploy,v. / n.,使展開；展開；部署,3,,
alike,adj. / adv.,相同的；相像的；一樣地,2,,
small change,ph.,零錢；找頭；無聊話,1,,
wherever,conjunction / adv.,無論在哪裡；無論什麼地方,2,,
decent,adj.,正派的；合乎禮儀的；體面的,2,,
farmhouse,n.,農舍；農家,3,,
precedent,n. / adj.,先例；前例；在前的,3,,
zeal,n.,熱心；熱誠,3,,
preference,n.,更加的喜愛；偏愛；偏愛的事物,2,,
successive,adj.,連續的；相繼的；依次的,3,,
range,n. / v.,排；行；排列,1,,
luminosity,n.,發光；光明；光度,3,,
logistics,n. （,後勤；後勤學；物流,3,,
sum,n. / v.,總數；總和；總計,2,,
retain,v.,保留；保持；留住,2,,
macaroni,n.,通心麵；通心粉；花花公子,3,,
lightning,n. / adj. / v.,閃電；電光；閃電的,2,,
Asia,n.,亞洲,2,,
blob,n. / v.,一滴；弄髒,3,,
innate,adj.,與生俱來的；天生的；固有的,3,,
sucker,n. / v.,吮吸者；長出根出條；從……除去吸根,3,,
popcorn,n.,爆米花；爆玉米花,3,,
incurable,adj. / n.,無法治愈的；患不治之症者,3,,
intuition,n.,直觀；直覺；直覺感知的事,3,,
in short,ph.,總而言之；簡而言之,1,,
spoken language,ph.,口頭語言,2,,
conjoined twins,npl.,Siamesetwins,3,,
roll of honor,ph.,陣亡將士名單,2,,
wield,v.,揮舞；使用；行使,3,,
take pity on,ph.,同情；憐憫,3,,
striped,adj.,有條紋的；stripe的動詞過去式、過去分詞,3,,
suggestion,n.,建議；提議；暗示,2,,
infatuated,adj.,入迷的；infatuate的動詞過去式、過去分詞,3,,
except for,ph.,除了...以外；要不是由於,1,,
omnipresent,adj.,無所不在的；遍及各處的,3,,
repress,v.,抑制；壓制,3,,
pact,n.,契約；協定；條約,3,,
locust,n.,蝗蟲；蟬,3,,
dynamism,n.,物力論；力本說,3,,
insignia,n.,表示階級、團體成員身分等用的佩章、衣飾等,3,,
consulate,n.,領事職；領事任期；領事館,3,,
accustomed to,ph.,習慣於；有……的習慣,3,,
mortal,adj. / n.,會死的；人；凡人,3,,
ruffian,n. / adj.,惡棍；流氓；暴徒,3,,
battleship,n.,主力艦；戰艦,3,,
constipation,n.,便秘；受限制；受約束,3,,
dying,adj. / n.,垂死的；死,2,,
at random,ph.,隨便；任意,2,,
manifold,adj. / n. / v.,各式各樣的；多種；複寫,3,,
scraper,n.,刮刀；刮泥板；刮削器,3,,
how about?,ph.,...如何；...怎樣,1,,
almond,n. / adj.,杏仁；杏核；杏仁製的,3,,
compartment,n. / v.,區劃；分隔,3,,
foot,n. / v.,腳；足；步行,2,,
valuation,n.,估價；評估；估定的價格,3,,
page,n. / v.,頁；給……標頁碼；翻閱,1,,
derivative,adj. / n.,引出的；派生物,3,,
go to bed,ph.,睡覺,1,,
marmalade,n.,橘子果醬,3,,
market share,ph.,市場佔有率；市場份額,2,,
pure gold,ph.,純金；赤金；完人,2,,
communication,n.,溝通；傳達；交流,2,,
floppy disk,ph.,軟式磁碟片；軟磁碟,3,,
fury,n.,狂怒；暴怒；狂暴,3,,
fishing rod,ph.,釣竿,3,,
photosynthesis,n.,光合作用,3,,
upset,v. / adj.,弄翻；打翻；翻倒,2,,
maize,n. / adj.,玉蜀黍；玉米色的；黃色的,3,,
table salt,ph.,調味鹽,2,,
slide,v. / n.,滑；滑動；使滑動,2,,
priority,n.,在先；居前；優先,2,,
fall into,ph.,陷於；陷入；開始,1,,
top quality,ph.,最高品質的,2,,
crucial,adj.,決定性的；重要的；嚴酷的,2,,
average,n. / adj. / v.,平均；平均數；平均的,1,,
embryo,n. / adj.,胚芽；胚芽的,3,,
natural selection,ph.,自然選擇；天擇,2,,
breath,n.,呼吸；氣息；一次,2,,
seasonal,adj.,季節的；季節性的；週期性的,3,,
light bulb,ph.,燈泡,3,,
consumer goods,ph.,消費品,2,,
traveling allowance,ph.,旅行補貼,3,,
dreadful,adj.,可怕的；令人恐懼的；令人敬畏的,3,,
flirt,v. / n.,調情；賣俏；輕快地擺動,3,,
down and out,ph.,無家；窮困潦倒,1,,
pine,v.,消瘦；衰弱；憔悴,2,,
trough,n.,飼料槽；飲水槽；揉麵槽,3,,
conch,n.,海螺；海神的響螺；半圓形屋頂,3,,
diphthong,n.,雙元音；複合元音,3,,
amnesia,n.,記憶缺失；健忘,3,,
drumstick,n.,鼓槌；雞腿；家禽腿,3,,
recalcitrant,adj. / n.,反抗的；倔強的人,3,,
intermediate,adj. / n.,中間的；居中的；中間事物,2,,
digress,v.,走向岔道；脫離主題,3,,
delineate,v.,畫……的輪廓；描述,3,,
drama,n.,戲；戲劇；劇本,2,,
prod,n. / v.,刺；戳；桶,3,,
blood clot,ph.,血栓,3,,
ballad,n.,民謠；民歌；敘事歌謠,3,,
runoff,n.,決賽；決選投票,3,,
peddle,v.,叫賣；挨戶兜售；沿街叫賣,3,,
twig,n.,細枝；嫩枝；小支脈,3,,
acknowledge,v.,承認；就……表示謝忱,2,,
cease fire,n.,停火；停火協議,2,,
help out,ph.,幫助...擺脫困難,1,,
insane,adj.,精神病的；精神錯亂的；瘋狂的,2,,
dainty,adj. / n.,輕巧的；精緻的；美味,3,,
silence,n. / v. / int.,無聲；寂靜；使沉默,2,,
indifference,n.,漠不關心；冷淡；不感興趣,3,,
appellation,n.,名稱；稱號,3,,
chunk,n.[c,大塊；厚片；矮而壯實的人,3,,
span,n. / v.,礅距；橫跨；跨越,2,,
fluorescent light,ph.,熒光；熒光燈；日光燈,3,,
tumultuous,adj.,吵鬧的；喧嘩的；騷亂的,3,,
embody,v.,體現；使具體化；包含,3,,
conceive,v.,構想出；想像；設想,3,,
danger,n.,危險；威脅,2,,
magnate,n.,巨擘；大王；要人,3,,
see off,ph.,為...送行；向...告別；趕出,1,,
inscription,n.,銘刻；銘文；碑文,3,,
ridge,n. / v.,屋脊；山脊；山脈,2,,
crown prince,ph.,王儲；適當的繼任人,2,,
My goodness!,ph.,我的天哪!,2,,
vary,v.,使不同；變化,2,,
navigate,v.,航行於；航行；航空,3,,
fluent,adj.,流利的；流暢的；暢流的,3,,
software,n.,軟體；程式材料,2,,
work out,ph.,按某種方式發展；結果；做大運動量的鍛鍊,1,,
nightclub,n. / v.,夜總會；去夜總會,3,,
roller,n.,滾動的人；軋鋼工；滾動物,3,,
camouflage,n. / v.,偽裝；掩蔽；偽裝起來,3,,
such,adj. / pron.,這樣的；此類的；這樣的人,1,,
analogy,n.,相似；類似；比擬,3,,
movie,n. / adj.,電影；影片；電影的,1,,
beauty contest,ph.,選美會,2,,
reverie,n.,白日夢；幻想；幻想曲,3,,
bullshit,n.,胡說；大話,2,,
solubility,n.,可溶性；溶解度,3,,
call out,ph.,大聲地喊；召集,1,,
inflammation,n.[u,點火；燃燒；激動,3,,
dexterous,adj.,敏捷的；靈巧的；用慣右手的,3,,
CD,abbr.,= compact disc 光碟；= certificate of deposit 定期大額存單；存款證,2,,
enterprise,n.,事業；冒險精神；進取心,2,,
notch,n. / v.,刻痕；在……上刻凹痕,3,,
in the final analysis,ph.,歸根究底,2,,
revoke,v. / n.,撤回；撤銷；有牌不跟,3,,
one another,ph.,互相,1,,
point of view,ph.,態度；觀點；看法,1,,
garment,n. / v.,衣服；給……穿衣服,3,,
regenerate,adj. / v.,刷新的；刷新；恢復,3,,
maverick,n. / a.,未烙印的小牛；未烙印的,3,,
set aside,ph.,存儲；留出；不顧,2,,
marinade,v.,用滷汁泡,3,,
stock,n. / v.,貯存；給辦貨；進貨,2,,
my,det. / int.,我的；哎呀！喔唷！,1,,
inspiration,n.,靈感；鼓舞人心的人,2,,
distinction,n.,區別；分清；差別,2,,
pentagon,n.,五邊形；五角大廈,3,,
panic-stricken,adj.,受恐慌的；驚慌失措的,3,,
barb,n. / v.,倒鉤；在……裝倒鉤,3,,
unfavorable,adj.,不利的；不適宜的；不順利的,3,,
audit,n. / v.,審計；審核,2,,
alleviate,v.,減輕；緩和,3,,
dabbler,n.,戲水者；涉獵者；淺嘗者,3,,
suitcase,n.,小型旅行箱；手提箱,3,,
on,preposition / adv. / adj.,在……上；繼續；工作著的,1,,
subsidize,v.,給……津貼；補助；資助,3,,
laser printer,ph.,雷射印表機,3,,
opening ceremony,ph.,開幕式；開幕典禮,2,,
that is,ph.,那位叫...。,1,,
adulterate,v. / adj.,攙雜；攙假；通姦的,3,,
habitat,n.,棲息地；產地,3,,
rashly,adv.,魯莽地；輕率地；倉促地,3,,
competitive,adj.,競爭的；經由競爭的；競爭性的,2,,
flail,n. / v.,連枷；用連枷打,3,,
pretentious,adj.,矯飾的；做作的；炫耀的,3,,
itinerary,n. / adj.,旅程；旅行的,3,,
used up,ph.,筋疲力盡,1,,
collate,v.,校對；核對；對照,3,,
hiding place,ph.,躲藏處；隱藏處,2,,
meaningful,adj.,意味深長的；有意義的；有意圖的,2,,
chain smoker,ph.,一根接一根抽菸的人,3,,
aniseed,n.,洋茴香,3,,
farming,n.,農業；農場經營；養殖,2,,
pin,n. / v.,大頭針；別住,2,,
cricket,n. / v.,板球；打板球,2,,
tasteless,adj.,沒味道的；味道差的；乏味的,3,,
photo,n. / v.,照片；給……拍照；拍照,2,,
invert,v. / adj. / n.,使反向；轉化的；倒置物,3,,
ultimate,a.[z / n.,最後的；最終的；最終的事物,2,,
duster,n.,打掃灰塵的人；抹布；防塵外衣,3,,
next year,ph.,明年今日,1,,
incubate,v.,孵卵；孵化；溫育,3,,
station,n. / v.,車站；駐紮；部署,1,,
without end,ph.,無盡的；無窮的,1,,
demonstration,n.,論證；證明；實地示範,2,,
put an end to,ph.,結束；廢止,1,,
inversion,n.,反向；倒置；倒轉,3,,
fondle,v.,愛撫；表示愛撫,3,,
mustache,n.,髭；小鬍子；鬚狀物,3,,
genocide,n.,種族滅絕；集體屠殺,3,,
radish,n.,蘿蔔；小蘿蔔,3,,
victory,n.,勝利；戰勝；成功,2,,
solve,v.,解決；作解答,2,,
sprain,n. / v.,扭傷；扭,3,,
none,pron. / adj. / adv.,一點兒也沒；一點沒有的；毫不,2,,
notebook,n.,筆記本；手冊；期票簿,3,,
considerable,adj. / n.,相當大的；大量,2,,
pick a quarrel,ph.,尋舋,3,,
murder case,ph.,謀殺案,2,,
hearsay,adj. / n.,傳聞的；傳聞,3,,
beat up,ph.,痛打；攪拌,2,,
mat,n. / v.,地蓆；給……鋪上蓆子；纏結,3,,
conveniently,adv.,方便地；便利地；合宜地,3,,
top of the head,ph.,未經考慮或準備的,1,,
close (a door),adj.,非公開的；關著門的,2,,
trajectory,n.,軌道；彈道；軌跡,3,,
follower,n.,追隨者；信徒；擁護者,3,,
hay,n. / v.,乾草；割草曬乾；把曬乾,3,,
sporadic,adj.,偶爾發生的；分散的,3,,
stony,adj.,多石的；石頭的；鋪石頭的,3,,
small town,adj.,小鎮的；偏狹的,1,,
footpath,n.,小徑；小路,3,,
emblem,n. / v.,象徵,3,,
empty-handed,adj. / adv.,空手的；空手地,2,,
plug,n. / v.,塞子；栓；把……塞住,2,,
soothe,v.,安慰；撫慰；起撫慰作用,3,,
pull back,ph.,退卻；撤回,2,,
trader,n.,商人；商船,3,,
bewitch,v.,施魔術於；蠱惑；使陶醉,3,,
stealthily,adv.,暗地裡；偷偷摸摸地,3,,
shoulder shoulder,ph.,肩並肩；團結一致,2,,
proper noun,ph.,專有名詞,3,,
price tag,ph.,價格標籤；標價；價格,2,,
splendor,n.,光輝；光彩；壯麗,3,,
headband,n.,頭巾；頭飾帶,3,,
score,n. / v.,得分；比數；得,2,,
equitable,adj.,公平的；公正的,3,,
beverage,n.,飲料,3,,
wreck,n. / v.,失事；遇難；使失事,3,,
aerosol,n.,浮質；氣溶膠,3,,
directory,n. / adj.,姓名住址簿；指導的,3,,
polite,adj.,有禮貌的；客氣的；殷勤的,3,,
ice age,ph.,冰河時代,2,,
silhouette,n. / v.,黑色輪廓像；把……畫成側面影像,3,,
basin,n.,盆；臉盆；食物盆,2,,
light (color),adj.,亮色的；色彩鮮豔的；淺色的,2,,
virtual,adj.,事實上的；實際上的；實質上的,2,,
murky,adj.,黑暗的；陰鬱的,3,,
decree,n. / vt.[ / v.,法令；政令；命令,3,,
assay,v. / n.,檢驗；經檢驗證明內含成分；試金,3,,
cesspit,n.,糞坑；垃圾坑；汙水坑,3,,
mole cricket,n.,a large burrowing nocturnalcricketwith broad forelegs；the female of which lays her eggs in an underground nest and guards the young.,3,,
tonic,adj. / n.,滋補的；補藥,3,,
make an effort,ph.,努力,2,,
graph,n. / v.,圖；用圖表表示,2,,
gooseberry,n.,醋栗；鵝莓；茶藨,3,,
swallow up,ph.,咽下；淹沒；使消失,3,,
disagreeable,adj.,不合意的；不愉快的；討厭的,3,,
middleman,n.,經紀人；掮客；中間人,3,,
carcass,n.,屍體；畜體,3,,
phoneme,n.,音素；音位,3,,
make clear,ph.,使變明白；易懂；弄清楚,1,,
goddess,n.,女神；受尊崇的女子,2,,
kayak,n.,愛斯基摩小船；小艇,3,,
twine,n. / v.,合股線；捻；搓,3,,
razor,n. / v.,刮鬍刀；剃；用剃刀刮,3,,
hemoglobin,n.,血紅素,3,,
mattress,n.,褥墊；床墊,3,,
engulf,v.,吞沒；捲入,3,,
harmful,adj.,有害的,3,,
lustrous,adj.,有光澤的；光亮的；光輝的,3,,
frying pan,ph.,煎鍋；油炸鍋,3,,
drop dead,ph.,倒斃；暴死；去你的,2,,
cutting,n. / adj.,切割；作切割用的,2,,
put aside,ph.,放到一邊；儲存,2,,
playground,n.,操場；運動場；遊樂場,3,,
light a fire,ph.,stimulate  to work or act more quickly or enthusiastically,1,,
chitin,n.,蟹殼質；幾丁質,3,,
turning point,ph.,轉折點；轉捩點；轉機,2,,
work hard,ph.,努力工作,1,,
disobedient,adj.,不服從的；違抗命令的；違反的,3,,
invigorate,v.,賦予精神；鼓舞；使振奮人心,3,,
cranberry,n.,蔓越莓；蔓越橘；小紅莓,3,,
august,adj.,威嚴的；令人敬畏的；尊嚴的,1,,
halfway,adj. / adv.,中途的；在中途,2,,
laissez-faire,ph.,自由放任；放任主義；不干涉主義,3,,
treaty,n.,條約；協定；約定,2,,
change the subject,ph.,改變話題；開始談其他的事,2,,
lacquer,n. / v.,亮漆；塗亮漆於,3,,
overlap,v.,與……部分重疊；部分重疊,3,,
highway,n.,公路；幹道；途徑,2,,
absorbent,adj. / n.,能吸收的；吸收劑,3,,
interrupt,v.,打斷,3,,
pale,adj. / v.,蒼白的；灰白的；變蒼白,2,,
impudent,adj.,厚顏無恥的；放肆的；無禮的,3,,
flow chart,ph.,#NAME?,2,,
traffic,n. / v.,交通；在……上通行；交易,2,,
stomach,n. / v.,胃；津津有味地吃,2,,
obsession,n.,著迷；被纏住；擺脫不了的思想,3,,
agoraphobia,n.,廣場恐怖症；曠野恐怖症；陌生環境恐怖症,3,,
atmospheric pressure,ph.,大氣壓力,3,,
infrastructure,n.,公共建設；基礎建設,2,,
dung beetle,ph.,蜣螂,3,,
bay leaf,ph.,桂葉,2,,
dustpan,n.,畚箕；畚斗；簸箕,3,,
scam,n.,騙錢；詐騙；陰謀,3,,
chemist,n.,化學家；藥劑師；藥商,3,,
manipulate,v.,操作；運用；巧妙地處理,3,,
native,adj. / n.,天生的；本地人；本國人,2,,
potato,n.,馬鈴薯；洋芋,2,,
rarity,n.,稀有；罕見；珍奇,3,,
cereal,n. / adj.,穀類植物；穀類的,3,,
crossbow,n.,石弓；弩,3,,
satirize,v.,對……寫諷刺文章；挖苦,3,,
output,n. / v.,出產；生產,2,,
consent,v. / n.,同意；贊成；答應,2,,
swindler,n.,騙子,3,,
spark,n. / v.,火花；火星；發動,3,,
boxing,n.,做箱的材料；裝箱；裝盒,2,,
bedside,n. / adj.,床邊；床側；床旁的,3,,
clear sky,ph.,出其不意,2,,
whenever,conjunction / adv.,無論什麼時候,2,,
koala,n.,無尾熊；樹袋熊,3,,
petition,n. / v.,請願；向……請願,2,,
witty,adj.,機智的；說話風趣的；措辭巧妙的,3,,
be concerned,ph.,涉及；關於,2,,
excoriate,v.,剝；擦破……的皮膚；痛責,3,,
compassion,n.,憐憫；同情；愛心,3,,
over the years,ph.,經過多年；多年來,1,,
not yet,ph.,還沒有；尚未,1,,
tear down,ph.,拆掉；拆毀；撕掉,2,,
overwhelming,adj.,壓倒的；勢不可擋的；overwhelm的動詞現在分詞、動名詞,2,,
overcoat,n.,外套；大衣,3,,
it goes without saying,ph.,不消說；不言而喻；毋庸置疑,2,,
hawk,n. / v.,鷹；隼；放鷹行獵,3,,
terse,adj.,精練的；簡練的,3,,
abundance,n.,豐富；充足；大量,3,,
final,adj. / n.,最後的；決賽,1,,
bias,n. / adj. / adv.,偏見；成見；斜的,2,,
macaque,n.,獼猴；恆河猴,3,,
fighting,adj. / n.,戰鬥的；戰鬥,2,,
sleek,adj. / v.,光滑的；柔滑的；使光滑,3,,
license plate,ph.,汽車牌照,2,,
holiday,n. / v.,節日；假日；外出度假,2,,
regional,adj.,地區的；局部的；整個地區的,2,,
popularity,n.,普及；流行；大眾化,2,,
manufacturer,n.,製造業者；廠商；廠主,2,,
conference,n.,會議；討論會；協商會,1,,
irritate,v.,使惱怒；引起惱怒,3,,
fumigate,v.,煙燻；燻蒸；用香薰,3,,
dauntless,adj.,無畏的；勇敢的；嚇不倒的,3,,
weapon,n.,武器；兵器；兇器,2,,
database,n.,資料庫；數據庫,2,,
in that case,ph.,既然那樣；假若是那樣的話,1,,
drawback,n.,缺點；短處；不利條件,3,,
city wall,ph.,九龍寨城公園,2,,
abbot,n.,修道院院長,3,,
acupuncture point,n.,針灸穴位,3,,
after that,adverbial phrase,之後、那之後,1,,
appropriate to the occasion,verb phrase,適合場合,2,,
armwrestling,n.,扳手腕比賽,3,,
at dawn,prepositional phrase,在黎明時分,2,,
be defeated,verb phrase,被打敗,2,,
be fascinated,verb phrase,被深深吸引,3,,
black-naped oriole (Oriolus chinensis),n.,黑枕黃鸝,3,,
boot-licking,adjective / noun,諂媚的；拍馬屁行為,3,,
break the rules,verb phrase,違反規則,2,,
breast feeding,noun / gerund,哺乳,2,,
burn incense,verb phrase,燒香,3,,
capitulate,v.,投降、屈服,3,,
cerebral hemorrhage,n.,腦出血,3,,
change direction,verb phrase,改變方向,2,,
Chinese language,n.,中文、漢語,2,,
clap of thunder,n.,一聲雷響,3,,
closely related,adjective phrase,密切相關的,2,,
cramp,noun / verb,痙攣；使抽筋,3,,
cringing,adjective / verb,卑躬屈膝的；畏縮,3,,
current situation,noun phrase,當前局勢,2,,
dark red,adjective phrase,深紅色,2,,
dice cup,n.,骰子盅,3,,
easy to understand,noun phrase,容易理解,1,,
encyclopedia,n.,百科全書,3,,
enq,abbreviation,查詢,3,,
erroneously called Chinese pearl barley,phr.,誤稱為「中國珍珠大麥」,3,,
everlasting,adj.,永恆的、持久的,3,,
family property,noun phrase,家產,1,,
fellow student,n.,同學,2,,
first day of the lunar month,noun phrase,農曆初一,3,,
forbidden,adj.,禁止的、禁忌的,3,,
funds,n.,資金,2,,
get drunk,verb phrase,喝醉,2,,
give as a present,verb phrase,作為禮物贈送,1,,
glistening,adjective / verb,閃閃發光的,3,,
great talent,noun phrase,傑出才華／天才人物,2,,
Happy New Year!,interjection,新年快樂！,1,,
heartbeat,n.,心跳,3,,
high and steep,adjective phrase,高而陡峭,3,,
"Illinois, US state",proper noun,美國伊利諾州,2,,
implied meaning,noun phrase,言外之意,3,,
ink stone,n.,硯台、硯石,3,,
irritating,adj.,惹人煩的、惱人的,3,,
Julia (name),proper noun,朱莉亞,2,,
lack of sticking power,noun phrase,缺乏黏著力／附著力不足,3,,
Ladies and Gentlemen!,interjection,女士們先生們！,2,,
learned person,noun phrase,博學之人、學者,2,,
many and varied,adjective phrase,種類繁多且各異,2,,
military affairs,noun phrase,軍事事務,2,,
Mt Everest,proper noun,珠穆朗瑪峰,3,,
"muscovite, mica (used in TCM)",n.,白雲母,3,,
Nepalese: Sagarmatha,proper noun,尼泊爾語稱「薩加瑪塔」,3,,
peel with a knife,verb phrase,用刀削皮,3,,
place of origin,noun phrase,原產地,2,,
sesame seed,n.,芝麻,3,,
should not,modal verb phrase,不應該,1,,
single person,noun phrase,單身人士,1,,
small boat,noun phrase,小船,2,,
sound of wind,noun phrase,風聲,2,,
stand on tiptoe,verb phrase,踮起腳尖,3,,
superfluous words,noun phrase,多餘的話,3,,
take an exam,verb phrase,參加考試,2,,
tears,n.,眼淚,2,,
terminal illness,noun phrase,末期疾病、絕症,2,,
the Vatican,proper noun,梵蒂岡,3,,
thresh (using a flail),v.,用連枷打穀,3,,
turn one's head,verb phrase,轉頭,2,,
understand thoroughly,verb phrase,徹底理解,2,,
uneven teeth,noun phrase,牙齒不整齊,3,,
unrivalled,adj.,無與倫比的,3,,
untrammeled,adj.,無拘無束的,3,,
very many,adjective phrase,非常多,1,,
very rich,adjective phrase,非常富有,2,,
water pump,n.,水泵,2,,
withdraw money,verb phrase,提款,2,,
bombard,v. / n.,砲擊；射石砲,3,,
measurement,n.,測量法；測量；測定,2,,
via,preposition,經由；取道；透過,1,,
meeting,n.,會議；集會；會,1,,
must not,ph.,飢不擇食.,1,,
benevolent,adj.,仁慈的；厚道的；有愛心的,3,,
firmly,adv.,堅固地；穩固地；堅定地,3,,
redeem,v.,買回；贖回；挽回,3,,
annotation,n.,註解；註釋,3,,
altruism,n.,利他主義；利他行為,3,,
cup,n. / v.,杯子；使成杯狀,1,,
insect,n.,昆蟲；蟲,3,,
among,preposition,在……之中；在……中間,1,,
soil,v. / n.,弄髒；變髒；被弄髒,2,,
scrub,v. / n.,用力擦洗；擦洗；擦淨,3,,
torment,v.,使痛苦；折磨；煩擾,3,,
powerless,adj.,無力量的；軟弱的；無權力的,3,,
manuscript,adj. / n.,手寫的；手寫本；手稿,3,,
relieved,adj.,放心的；寬慰的；relieve的動詞過去式、過去分詞,3,,
starting point,ph.,出發點；起跑點,2,,
ceiling,n.,天花板；頂篷；最高限度,2,,
unfamiliar,adj.,不熟悉的；不常見的；陌生的,3,,
break off,ph.,停止講話,1,,
itch,n. / v.,癢；發癢；使發癢,3,,
lose consciousness,ph.,失去知覺；昏迷；昏過去,2,,
bottle,n. / v.,瓶子；把……裝入瓶中,2,,
exact,adj. / v.,確切的；精確的；強要,2,,
elder brother,n.,each of the thirteen senior members of Trinity House.,2,,
audience,n.,聽眾；觀眾；讀者群,2,,
cumbersome,adj.,笨重的；難處理的；累贅的,3,,
weigh,v.,稱……的重量；掂估……的份量；有……重量,3,,
wisdom,n.,智慧；才智；明智,2,,
no wonder,ph.,難怪,2,,
meter,n. / v.,計量器；儀表；用儀表測量,2,,
disorder,n. / v.,混亂；無秩序；使混亂,2,,
in a moment,ph.,馬上；立刻,1,,
blunder,n. / v.,大錯；犯大錯；做錯,3,,
embroidery,n.,刺繡；刺繡品,3,,
even more,ph.,even的形容詞比較級,1,,
all year round,ph.,終年；一年到頭,1,,
sex,n.,性別；男性；女性,1,,
interval,n.,間隔；距離；幕間,3,,
pastry,n.,油酥麵糰；酥皮點心,3,,
detest,v.,厭惡；憎惡,3,,
elated,adj.,得意揚揚的；興高采烈的；elate的動詞過去式、過去分詞,3,,
incisive,adj.,銳利的；尖銳的；敏銳的,3,,
accurate,adj.,準確的；精確的,2,,
warp,v. / n.,使變形；變彎；彎曲,3,,
suppose,v.,猜想；以為；料想,2,,
hibernate,v.,過冬；冬眠,3,,
eye socket,ph.,眼窩,3,,
gully,n. / v.,小峽谷；在……上沖出溝,3,,
belch,v. / n.,打嗝；噯氣；打,3,,
kick,v. / n.,踢,2,,
complicated,adj.,複雜的；難懂的；結構複雜的,2,,
stone,n. / v. / adj.,石；石頭；石塊,2,,
crown,n. / v.,王冠；為……加冠,2,,
nitpick,v.,挑剔；吹毛求疵；雞蛋裡挑骨頭,3,,
dilapidated,adj.,快要倒塌的；損壞的；破爛的,3,,
evaluation,n.,評估；估價；評價,2,,
be convinced,ph.,深信...；確信...,2,,
platinum,n.,鉑；白金,2,,
length,n.,長度；長短；期間,2,,
take in,ph.,接受；理解；欺騙,1,,
cigarette,n.,香菸；紙菸；菸卷,2,,
term,n. / v.,期；期限；把……稱為,1,,
obedient,adj.,服從的；順從的；恭順的,3,,
disparage,v.,貶低；輕視；毀謗,3,,
reins,n.,腎臟；腰；感情的源泉,3,,
first time,adj.,初次的,1,,
durable,adj. / n.,經久的；耐用的；耐用品,3,,
fantasy,n.[u,空想；幻想；夢想,2,,
diet,n. / v.,飲食；食物；給指定飲食,2,,
whetstone,n.,磨刀石,3,,
spittle,n.,唾沫；吐出的泡沫,3,,
hurricane,n.,颶風；暴風雨；像颶風般猛烈的東西,2,,
entertain,v.,使歡樂；使娛樂；款待,3,,
fragmentary,adj.,碎片的；零碎的；不全的,3,,
affect,v.,影響；對……發生作用；使感動,2,,
vulva,n.,陰戶；女陰；女性的外陰部,3,,
grease,n. / v.,動物脂；塗油脂於,3,,
prejudice,n. / v.,偏見；歧視；使抱偏見,3,,
recline,v.,斜倚；靠；使斜倚,3,,
all kinds of,ph.,各種各類的,2,,
plumber,n.,管子工；鉛管工；堵漏人員,3,,
epidemic,adj. / n.,流行性；傳染的；流行病,3,,
mischievous,adj.,惡作劇的；調皮的；淘氣的,3,,
dwelling,n.,住處；住宅；寓所,3,,
swelling,n.,增大；膨脹；隆起物,3,,
correspond,v.,符合；一致；相當,3,,
resemble,v.,像；類似,3,,
recollect,v.,回憶；追憶；記起,3,,
resourceful,adj.,資源豐富的；富於機智的；有策略的,3,,
in an instant,ph.,立刻；馬上；說時遲,2,,
suspicious,adj.,猜疑的；疑心的；多疑的,2,,
specialist,n.,專家；專科醫生,2,,
unimportant,adj.,不重要的；瑣碎的；無價值的,3,,
forceful,adj.,強有力的；堅強的；有說服力的,3,,
mouthpiece,n.,吹口；送話口；口,3,,
thoroughly,adv.,徹底地；認真仔細地；完全地,2,,
peace,n.,和平；和約；和睦,1,,
daub,v. / n.,塗；塗抹,3,,
incorporate,v.,包含；合併,3,,
chirp,v. / n.,發啁啾聲；尖聲尖氣地說；啁啾聲,3,,
overgrown,adj.,長得太大的；生長過度的；蔓生的,3,,
queer,adj. / v. / n.,奇怪的；古怪的；把……弄糟,3,,
notice,n. / v.,公告；通知；貼示,2,,
appendix,n. / v.,附錄；附件；加附錄於,3,,
bedroom,n. / adj.,臥室；寢室；城郊住宅區的,2,,
sage,adj. / n.,賢明的；聖人；賢人,3,,
retort,v. / n.,反擊,3,,
devastate,v.,使荒蕪；破壞；蹂躪,3,,
major,adj. / n. / v.,較大的；成年人；已到法定年齡者,1,,
ordinarily,adv.,通常地；慣常地；一般地,3,,
take care,ph.,小心；當心；注意,1,,
look at,ph.,看；檢查；仔細檢查,1,,
prostitution,n.,賣淫；濫用；糟蹋,3,,
paradise,n.,天堂；伊甸園,2,,
bat,n. / v.,打；用球棒打球,2,,
relieve,v.,緩和；減輕；解除,3,,
virgin,n. / adj.,處女；未婚女子；處女的,2,,
dismantle,v.,去掉……的覆蓋物；從拆除；拆卸,3,,
entirely,adv.,完全地；徹底地,2,,
humiliation,n.,丟臉；羞辱；蒙羞,3,,
secretary,n.,祕書；祕書官；書記官,2,,
spot,n. / v.,斑點；斑塊；在……上飾以斑點,2,,
advantageous,adj.,有利的；有助的；有益的,3,,
agate,n.,瑪瑙；瑪瑙紋玩具彈子,3,,
rigorous,adj.,嚴格的；嚴厲的；苛刻的,3,,
callous,adj. / v.,硬結的；起老繭的；使硬結,3,,
painful,adj.,疼痛的；引起痛苦的；費力的,2,,
abroad,adv. / n.,在國外；異國；海外,2,,
firefly,n.,螢火蟲,3,,
mount,v. / n.,登上；爬上；登,2,,
replenish,v.,把……裝滿；把……再備足；補充,3,,
cute,adj.,漂亮的；可愛的；小巧玲瓏的,2,,
unite,v.,使聯合；聯合,3,,
homosexual,adj. / n.,同性戀的；同性戀者,3,,
restore,v.,恢復；使復原,2,,
connotation,n.,含蓄；言外之意；內涵,3,,
lash,n. / v.,鞭子；鞭打；抽打,3,,
worker,n.,工人；勞工；勞動者,2,,
gum,n. / v.,樹膠；樹脂；用膠塗,3,,
assault,n. / v.,攻擊；襲擊；動武,2,,
wind up,ph.,上弦；結束；環繞,2,,
behavior,n.,行為；舉止；態度,2,,
retire,v. / n.,使退休；退休；退隱,2,,
mouse,n. / v.,鼠；捕鼠；仔細搜尋,2,,
oil,n. / v.,油；在……塗油；溶化,1,,
patient,adj. / n.,有耐心的；能忍受的；能容忍的,2,,
plane,n. / adj. / v.,平面；平的；平坦的,2,,
distracted,adj.,思想不集中的；困擾的；心煩意亂的,3,,
arduous,adj.,艱鉅的；費力的；困難的,3,,
scenery,n.,風景；景色；舞臺布景,3,,
sneeze,n. / v.,噴嚏；打噴嚏,3,,
waste time,ph.,浪費時間,2,,
declaration,n.,宣布；宣告；宣言,2,,
staff,n. / v.,職員；工作人員；給……配備職員,1,,
keep silent,ph.,保持安靜；保持沈默,2,,
sweet potato,ph.,甘薯；地瓜；番薯,2,,
valve,n. / v.,閥；活門；裝閥於,2,,
trifling,adj.,不重要的；微不足道的；無聊的,3,,
deputy,n. / adj.,代表；代理人；代理的,2,,
domestic animal,ph.,家畜；家養動物,2,,
man,n. / v.,成年男子；給……配置人員,1,,
scowl,v. / n.,皺眉；皺眉表示,3,,
html,abbr.,#NAME?,3,,
friend,n. / v.,朋友；友人；與……為友,1,,
in a mess,ph.,骯臟；混亂；紊亂,2,,
eye,n. / v.,眼睛；看,1,,
bleach,v. / n.,將……漂白；變白；漂白,3,,
jail,n. / v.,監獄；監禁,2,,
corpse,n.,屍體；殘骸,3,,
income,n.,收入；收益；所得,2,,
party,n.,聚會；集會；派對,1,,
uproar,n.[u,騷亂；騷動；吵鬧,3,,
flavoring,n.,調料；香料；調味,3,,
seedling,n.,籽生植物；幼苗；秧苗,3,,
shut,v. / n.,關上；閉上；關閉,2,,
explode,v.,使爆炸；爆炸,3,,
director,n.,主管；署長；局長,1,,
apps,n.,隨手應用；即時獲取應用,2,,
signal,n. / adj. / v.,信號；作為信號的；用信號發出,2,,
elevation,n.,高度；海拔；高地,3,,
physique,n.,體格；體形,3,,
dishonor,n. / v.,不名譽；丟臉；使丟臉,3,,
glitter,v. / n.,閃閃發光；閃爍；閃光,3,,
initial,adj. / n. / v.,開始的；最初的；起首字母,2,,
convention,n.,會議；大會；全體與會者,2,,
significant,adj. / n.[c,有意義的；有意義的事物,2,,
tough,adj. / n.,堅韌的；牢固的；折不斷的,2,,
stove,n.,火爐；暖爐；小爐子,3,,
remorse,n.,痛悔；自責,3,,
badge,n. / v.,徽章；證章；授給……徽章,2,,
fixed,adj.,固定的；確定的；不變的,2,,
spell,n. / v.,工作時間；輪替,2,,
pant,v. / n.,氣喘；氣促；氣喘吁吁地講,3,,
shrine,n. / v.,聖壇；把……放置在龕內,3,,
slab,n. / v.,厚板；平板；使成厚板,3,,
decide,v.,決定,2,,
intimate friend,ph.,知己好友,2,,
good-for-nothing,adj. / n.,無用的；無用之人,1,,
hand down,ph.,傳；正式宣布,1,,
spring up,ph.,突然出現；迅速增長,2,,
rise and fall,ph.,risesuddenlyanddramatically,2,,
cemetery,n.,公墓；墓地,2,,
penetrate,v.,穿過；穿入,3,,
unanimous,adj.,全體一致的；一致同意的；無異議的,3,,
text,n.,正文；本文；原文,1,,
time-lapse photography,ph.,間歇性拍攝法,3,,
make trouble,ph.,製造麻煩,2,,
banter,n. / v.,取笑；戲謔；逗弄,3,,
set off,ph.,出發；使爆發,1,,
chain,n. / v.,鏈；鏈條；用鎖鏈拴住,2,,
pack,n. / v.,包；裝；包裝貨物,2,,
waiter,n.,侍者；服務生；托盤,3,,
illumination,n.,照明；照亮；照度,3,,
sand,n. / v.,沙；撒沙於；沙淤,2,,
large-scale,adj.,大規模的；大範圍的；大比例尺的,2,,
bifurcation,n.,分叉；分枝；分歧,3,,
scapegoat,n. / v.,替人頂罪者；使成為……的替罪羊,3,,
normally,adv.,正常地；通常；按慣例,2,,
succinct,adj.,簡練的；簡潔的；壓縮在小範圍內,3,,
stew,v. / n.,煮；燉；燜,3,,
contradict,v.,否定；否認,3,,
day and night,ph.,日以繼夜地,1,,
frog,n.,蛙；青蛙；飾扣,3,,
ambush,n. / v.,埋伏；埋伏下；埋伏下來,3,,
trickery,n.,欺騙；奸計,3,,
how much,ph.,問價錢或數量,1,,
trunk,n. / v.,樹幹；槽內洗選,2,,
divine,adj. / v.,神的；神性的；占卜,2,,
anchor,n. / v.,錨；拋錨使停泊；拋錨泊船,2,,
trapped,adj.,陷入困境的；受到限制的；trap的動詞過去式、過去分詞,2,,
team,n. / v.,隊；用一組馬；牛等拖運,1,,
heir,n.,繼承人；嗣子；繼承者,3,,
arch,n. / v.,拱；拱門；牌樓,2,,
oblique,adj. / v. / n.,斜的；傾斜；歪斜,3,,
the whole world,ph.,世界上的任何地方；各處,1,,
former times,ph.,從前；以前,1,,
sarcasm,n.,諷刺；挖苦；嘲笑,3,,
in high spirits,ph.,很愉快,2,,
affectionate,adj.,充滿深情的；溫柔親切的；強烈傾向的,3,,
hedge,n. / v.,樹籬；用樹籬笆圍住；修築樹籬,3,,
experienced,adj.,有經驗的；老練的；熟練的,2,,
sophisticated,adj.,老於世故的；富有經驗的；精通的,2,,
soldier,n. / v.,兵；士兵；當兵,2,,
conflict,n.,衝突；抵觸；不一致,2,,
blessing,n.,賜福；祈神賜福；祝福,2,,
behind,preposition / adv. / n.,在……的背後；在背後；屁股,1,,
chin,n. / v.,頦；下巴；用下巴夾住,3,,
Germany,n.,德國,2,,
a.m.,abbr.,= ante meridiem午前；= Artium Magister文科碩士,2,,
fiddle with,ph.,擺弄；玩弄；摸弄,3,,
certain,adj. / pron.,確鑿的；無疑的；某幾個,1,,
say goodbye,ph.,向某人道別,2,,
document,n.,公文；文件；證件,2,,
dike,n. / v.,堤；築堤防護,3,,
erode,v.,腐蝕；侵蝕；磨損,3,,
droop,v. / n.,低垂；下垂；使下垂,3,,
degrade,v.,使降級；降低,3,,
composition,n.,寫作；作曲；作品,2,,
no less than,ph.,不少于,1,,
condition,n. / v.,情況；決定,2,,
device,n.,設備；儀器；裝置,2,,
oven,n.,爐；灶；烤箱,2,,
tyrannical,adj.,暴君的；專制君主的；暴君似的,3,,
scare,v. / n.,驚嚇；使恐懼；受驚,2,,
feeble,adj.,虛弱的；衰弱的；無力的,3,,
sentimental,adj.,情深的；多情的；感情用事的,3,,
take into custody,ph.,拘捕某人,2,,
trivial,adj.,瑣細的；不重要的；無價值的,3,,
wash away,ph.,沖掉；沖走；洗掉,2,,
err,v.,犯錯誤；出差錯；作惡,3,,
blockhead,n.,傻瓜；笨蛋,3,,
Zoroastrianism,n.,祆教；拜火教；陰陽教,3,,
nitpicking,adj. / n.,挑剔的；吹毛求疵的；挑剔,3,,
fringe,n. / v. / adj.,穗；緣飾；流蘇,3,,
generally speaking,ph.,一般而言,2,,
warmhearted,adj.,熱心的；富於同情心的；慈愛的,3,,
moderate,adj. / n.,中等的；適度的；溫和主義者,2,,
finger,n. / v.,手指；用手指觸摸；撥弄,2,,
imitation,n. / adj.,模仿；模擬；人造的,3,,
straw,n.,稻草；麥稈,3,,
merchant,n. / adj.,商人；商人的,2,,
turn a blind eye,ph.,對...視而不見；假裝沒看見,2,,
personally,adv.,親自；當面；就本人而言,2,,
attractive,adj.,有吸引力的；引人注目的；嫵媚動人的,2,,
intensify,v.,加強；增強；強化,3,,
sweep,v. / n.,掃；打掃；掃除,3,,
creativity,n.,創造力,2,,
mushroom,n. / v. / adj.,蘑菇；採蘑菇；蘑菇的,3,,
quit,v. / adj.,離開；擺脫了……的；了結的,2,,
mussel,n.[c,貽貝；淡菜；珠蚌,3,,
resentful,adj.,忿恨的；怨恨的；怨恨引起的,3,,
succeed,v.,成功；辦妥；繼……之後,2,,
stoop,v. / n.,屈身；彎腰；俯曲,3,,
out of the ordinary,ph.,不正常的；例外的；特殊的,2,,
unbridled,adj.,無轡頭的；無拘束的；放縱的,3,,
haughty,adj.,高傲的；傲慢的；自大的,3,,
multitude,n.,許多；一大群人,3,,
tongs,n.,夾具；鉗子；火鉗,3,,
endurance,n.,忍耐；耐久力；持久,3,,
blind spot,ph.,盲點；盲區,2,,
thrombosis,n.,血栓形成,3,,
pliers,n.,鉗子,3,,
deficient,adj.,有缺陷的；有缺點的；不足的,3,,
worry about,ph.,焦慮,2,,
delight,n. / v.,欣喜；愉快；使高興,3,,
brace,n. / v.,支柱；支撐；鼓起勇氣,3,,
compilation,n.,編輯,3,,
suspect,v.,疑有；察覺；懷疑,2,,
sore,adj. / n.,痛的；痛處,3,,
convalesce,v.,漸癒；恢復健康,3,,
righteousness,n.,公正；正直；正當,3,,
sweetheart,n. / v.,心上人；戀人；情人,3,,
cram,v. / n.,把……塞進；狼吞虎嚥地吃東西；擁擠,3,,
China,n.,中國,1,,
whereabouts,adv. / n.,在哪裡；靠近什麼地方；行蹤,3,,
evidence,n. / v.,證據；證明,1,,
repeated,adj.,重複的；反覆的；再三的,2,,
excel,v.,勝過；優於；突出,3,,
round,adj. / adv. / preposition,圓的；圓形的；環繞地,1,,
protrude,v.,使伸出；使突出；伸出,3,,
clear water,ph.,清水灣,1,,
shade,n. / v.,蔭；遮蔽；蔽蔭,2,,
hang,v. / n.,把……掛起；懸掛；吊著,2,,
neighborhood,n.,鄰近地區；近鄰；整個街坊,2,,
spill,v. / n.,使溢出；溢出,3,,
turban,n.,纏頭巾；女用頭巾,3,,
mine,n. / v.,礦；開採；開礦,1,,
overall,n. / adj.,工作褲；從頭到尾的；從一端到另一端的,2,,
abhor,v.,厭惡；憎惡,3,,
union,n.,結合；合併；合而為一,1,,
medicine,n. / v.,藥；內服藥；給……服藥,2,,
oppress,v.,壓迫；壓制；使沉重,3,,
dusk,n. / adj. / v.,薄暮；黃昏；幽暗的,3,,
orgasm,n.,性高潮；極度的興奮,3,,
roll up,ph.,把...捲起來；滾滾上升,2,,
bring to justice,ph.,使歸案受審,2,,
scab,n. / v.,疥癬；生疙瘩；把……稱為工賊,3,,
vault,n. / v.,拱頂；給……蓋以拱頂；成穹狀,3,,
permeate,v.,滲入；透過；滲透,3,,
youth,n.,青春時代；青少年時期；青年,2,,
you,pron.,你；你們；任何人,1,,
each other,ph.,彼此；互相,1,,
commonplace,n. / adj.,司空見慣的事；平淡無味的,3,,
slump,v. / n.,倒下；陷落；使倒下,3,,
glance,v. / n.,看一下；一瞥；用掃視,3,,
strategy,n.,戰略；戰略學；策略,2,,
licentious,adj.,放蕩的；放肆的；不道德的,3,,
compass,n. / v.,羅盤；指南針；圖謀,3,,
hastily,adv.,匆忙地；倉促地,3,,
shepherd,n. / v.,牧羊人；羊倌；牧,3,,
slack,adj. / v.,鬆弛的；不緊的；放鬆,3,,
turn upside-down,ph.,完全顛倒,3,,
stick out,ph.,突出；伸出,2,,
addiction,n.,沉溺；成癮；上癮,2,,
astute,adj.,敏銳的；精明的；機敏的,3,,
phase,n. / v.,階段；時期；使定相,2,,
quota,n.,配額；定額；限額,3,,
admit,v.,承認,2,,
motion,n. / v.,運動；移動；向……打手勢,2,,
meddle,v.,干涉；管閒事；擅自摸弄,3,,
quintessence,n.,精華；典型；第五元素,3,,
commander,n.,指揮官；司令官；海軍中校,2,,
statute,n.[c,法令；法規；成文法,3,,
swap,v. / n.,交換；交易,3,,
happen to,ph.,碰巧,1,,
diction,n.,措詞；用語；發音,3,,
leading,adj. / n.,領導的；領導,2,,
emulate,v.,同……競爭；盡力趕上；模擬,3,,
applaud,v.,向……鼓掌；鼓掌歡迎,3,,
such as,ph.,像；諸如；例如,1,,
pimp,n. / v.,妓院老板；拉皮條,3,,
perceptive,adj.,知覺的；感知的；理解的,3,,
burden,n. / v.,重負；重擔；加重壓於,2,,
blazing,adj.,燃燒的；熾烈的；輝煌的,3,,
perverse,adj.,走上邪路的；墮落的；邪惡的,3,,
theory,n.,學說；論說；……論,2,,
laugh,v. / n.,笑；以笑表示；笑聲,2,,
hold up,ph.,搶劫；抬起來；支撐,1,,
root,n. / v.,根；使生根；生根,2,,
remarkable,adj.,值得注意的；非凡的；卓越的,2,,
fusion,n.,熔化；熔解；融合,2,,
pound,n. / v.,動物收容所；走失動物認領欄；把關在欄內,2,,
divulge,v.,洩露；暴露,3,,
pressure,n. / v.,壓；對……施加壓力,1,,
response,n.,回答；答覆；反應,1,,
senile,adj.,老邁的；高齡所致的；老態龍鍾的,3,,
mystery,n.,神祕的事物；難以理解的事物；謎,2,,
drone,n. / v.,雄蜂；混日子,3,,
code,n. / v.,法典；法規；為……編碼,1,,
unruly,adj.,難駕馭的；任性的；不守規矩的,3,,
silt,n. / v.,泥沙；淤泥；使淤塞,3,,
hotel,n.,旅館；飯店,2,,
by,preposition / adv.,被；由；經過,1,,
wait for,ph.,等候,1,,
conclusion,n.,結論；推論；決定,2,,
plait,n. / v.,褶；襉；在打褶,3,,
lighter,n. / v.,點火者；以駁船搬運,2,,
pearl,n. / v.,珍珠；用珍珠裝飾；成珍珠狀,2,,
bear fruit,ph.,產生結果,2,,
cage,n. / v.,籠子；鳥籠；獸籠,2,,
drawing,n.,描繪；素描；製圖,2,,
complexion,n. / v.,面色；膚色；使增添色彩,3,,
fodder,n.,飼料；秣,3,,
look around,ph.,四下環顧,1,,
daydream,n. / v.,白日夢；空想；做白日夢,3,,
job,n. / v.,工作；做零工；代客買賣,1,,
synonym,n.,同義字；類義字；同物異名,3,,
era,n.,時代；年代；歷史時期,2,,
object,n.,物體；對象；目標,2,,
comb,n. / v.,梳子；用梳子梳理；湧起,3,,
prisoner,n.,犯人；囚犯；刑事被告,2,,
set,v. / adj.,放；置；落,1,,
find fault,ph.,找岔子；挑剔,2,,
make money,ph.,致富；發財或賺錢,1,,
honorific,adj. / n.,尊敬的；敬語,3,,
furnace,n.,火爐；熔爐；暖氣爐,3,,
torque,n.,項鍊；手鐲；金屬領圈,3,,
subtle,adj.,微妙的；難捉摸的；不可思議的,2,,
pen,n. / v.,欄；圈；把關入圍欄,2,,
division,n.,分開；分割；分配,2,,
asthma,n.,氣喘；哮喘,3,,
waver,v. / n.,搖擺；搖晃,3,,
lackey,n.,僕人；阿諛者,3,,
move house,ph.,搬家,1,,
mobile,adj. / n.,可動的；移動式的；活動的,2,,
enmity,n.,敵意；不和,3,,
frigid,adj.,寒冷的；嚴寒的；冷淡的,3,,
hook,n. / v.,鉤；掛鉤；用鉤鉤住,2,,
wedding,n.,結婚典禮；結婚紀念日,2,,
a bit,ph.,稍微；有一點兒；短時間,1,,
irritable,adj.,易怒的；急躁的；煩躁的,3,,
in the past,ph.,在過去；從前,1,,
take charge of,ph.,管理；負責,2,,
verbose,adj.,囉嗦的；冗長的,3,,
organize,v.,組織；組織工會,3,,
speechless,adj.,目瞪口呆；一時說不出話來的；不會說話的,3,,
there,adv. / int. / n.,在那裡；你瞧；那個地方,1,,
congratulate,v.,祝賀；恭禧；自我慶幸,3,,
murmur,n. / v.,輕柔持續的聲音；沙沙聲；潺潺聲,3,,
surmise,v. / n.,推測,3,,
eager,adj.,熱心的；熱切的；渴望的,2,,
rat,n. / v.,鼠；捕鼠,2,,
green,adj. / n. / v.,綠的；綠色；青色,1,,
formulate,v.,使公式化；用公式表示；系統地闡述,3,,
make progress,ph.,取得進步,2,,
introduce,v.,介紹；引見；引進,2,,
reaction,n.,反應；感應；反作用,2,,
uncertain,adj.,不明確的；含糊的；不確定的,3,,
longevity,n.,長命；長壽；壽命,3,,
the deceased,ph.,死者,3,,
take responsibility,ph.,負責…,2,,
dried up,adj.,年老乾癟的；不中用的；乾枯的,2,,
malicious,adj.,惡意的；懷恨的；有惡意的,3,,
skyscraper,n.,摩天樓；超高層大樓；特別高的東西,3,,
factory,n.,工廠；製造廠；代理處,2,,
premature,adj. / n.,比預期早的；過早的；過早發生的事物,3,,
trail,v. / n.,拖；曳；拖在或跟在,2,,
account book,ph.,賬簿；會計簿冊,1,,
indicator,n.,指示者；指示物；指針,3,,
get lost,ph.,迷路；滾開,1,,
precious stone,ph.,寶石,2,,
craft,n. / v.,工藝；手藝；精巧地製作,2,,
onomatopoeia,n.,擬聲；象聲；擬聲法,3,,
a little while,ph.,一會兒；短時間,1,,
murderer,n.,謀殺犯；兇手,3,,
achieve,v.,完成；實現；達到目的,2,,
wound,n. / v.,創傷；傷；使受傷,2,,
magician,n.,魔術師；變戲法的人；術士,3,,
beak,n.,鳥嘴；喙狀嘴；口,3,,
plowshare,n.,犁頭；犁刃,3,,
rotor,n.,轉子；轉片；旋轉輪,3,,
halo,n. / v.,暈；暈圈；使成暈圈,3,,
hasten,v.,催促；趕緊；趕快,3,,
coffee shop,ph.,供應甜食簡便速食的咖啡館；小餐館,2,,
offset,v. / n.,補償；形成支管,3,,
assignment,n.,任務；工作；作業,2,,
rim,n. / v.,邊；緣；裝邊於,3,,
ephemeral,adj. / n.,僅有一日生命的；只生存一天的事物,3,,
self-esteem,n.,自尊；自負,3,,
shop assistant,ph.,店員,2,,
rice,n. / v.,稻；穀；舂,2,,
amend,v.,修訂；修改；改進,3,,
speck,n. / v.,斑點；使產生斑點,3,,
discrepancy,n.,不一致；不符；差異,3,,
cast away,ph.,丟掉；浪費,2,,
both,adj. / pron. / adv.,兩……；兩個……；兩者,1,,
composed,adj.,鎮靜的；沉著的；compose的動詞過去式、過去分詞,2,,
be known as,ph.,被稱為；以……為名；被認為是……,1,,
at that time,ph.,在那時,1,,
unknown,adj. / n.,不知道的；默默無聞的人,2,,
lintel,n.,楣；楣石；過樑,3,,
graveyard,n.,墓地,3,,
fickle,adj.,易變的；無常的,3,,
barracks,n.,兵營；棚屋,3,,
autopsy,n.,屍體解剖；驗屍；現場驗證,3,,
nationality,n.,國籍；民族,3,,
south,n. / adj. / adv.,南；南的；在南方,1,,
moat,n. / v.,護城河；壕溝；以護城河圍繞,3,,
rebuild,v.,重建,3,,
dwell,v.,居住；住；生活,3,,
grieve,v.,使悲傷；悲傷,3,,
fill,v. / n.,裝滿；被充滿；填滿的量,2,,
advanced,adj.,在前面的；先進的；開明的,2,,
ahead,adv.,在前；向前；預先,1,,
spirited,adj.,活潑的；生氣勃勃的；猛烈的,3,,
north,n. / adj. / adv.,北；北方；北的,1,,
haze,n. / v.,霾；薄霧；模糊,3,,
al-Qaeda,n.,蓋達組織；基地組織；阿爾．蓋達基地組織,3,,
social climbing,ph.,結交權貴向上爬的做法,2,,
take medicine,ph.,服藥,2,,
take a shower,ph.,做淋浴,2,,
steadfast,adj.,固定不動的；不變的；堅定的,3,,
crisp,adj. / n. / v.,脆的；酥的；鬆脆的,3,,
unsightly,adj.,不悅目的；難看的,3,,
schedule,n. / v.,表；將……列表,2,,
plenty,n. / adj. / adv.,豐富；很多的；足夠,2,,
drive out,ph.,開車外出；驅趕,1,,
Dominican Republic,ph.,多明尼加共和國,3,,
be partial to,ph.,偏袒；特別喜歡,2,,
template,n.,樣板；模板；型板,3,,
ether,n.,乙醚；醚；以太,3,,
behead,v.,砍……的頭；把……斬首,3,,
intermediary,adj. / n.,中間的；仲裁者,3,,
evident,adj.,明顯的；明白的,3,,
maple,n.,槭樹；楓樹；槭樹木材,3,,
subway,n. / v.,地鐵；搭乘地下鐵,2,,
be missing,ph.,失蹤；缺席；不知去向,1,,
rebate,n. / v.,折扣；退還；退還部分付款,3,,
status,n.,地位；身分；重要地位,2,,
clank,n. / v.,叮噹聲；噹啷聲；發叮噹聲,3,,
by oneself,ph.,某人自己；獨自；單獨地,3,,
insight,n.[(,洞察力；眼光；洞悉,2,,
sunlight,n.,日光,3,,
account,n. / v.,帳；帳目；帳單,1,,
vowel,n.,母音；母音字母,3,,
Milky Way,ph.,天河；銀河,3,,
disintegrate,v.,使碎裂；碎裂,3,,
pedant,n.,賣弄學問的人；迂腐的教師；學究,3,,
tearful,adj.,含淚的；流淚的；哭泣的,3,,
a moment,ph.,剛才,1,,
cn,abbr.,#NAME?,3,,
stipulate,v.,規定,3,,
misconception,n.,誤解；錯誤想法,3,,
gorge,n. / v.,峽；塞飽；狼吞虎嚥,3,,
congregate,v.,聚集；集合；使聚集,3,,
stride,v. / n.,邁大步走；大踏步走過；大步,3,,
crash,v. / n.,碰撞；倒下；墜落,2,,
detective,n. / adj.,偵探；偵探的,2,,
shock,n. / v.,衝擊；衝撞；使震動,2,,
gramophone,n.,留聲機,3,,
lion,n.,獅子；勇猛的人,2,,
substitute for,ph.,代替,2,,
inflate,vt. / vi.,使充氣；充氣,3,,
loop,n. / v.,圈；環；把打成環,2,,
of,preposition,……的；屬於；用……做成的,1,,
flattery,n.,諂媚；奉承；阿諛之辭,3,,
mother-in-law,n.,婆婆；岳母,1,,
blueprint,n. / v.,藍圖；將……製成藍圖,3,,
fracture,n. / v.,破裂；使破裂,3,,
net profit,ph.,純利潤,2,,
balmy,adj.,溫和的；柔和的；宜人的,3,,
farmer,n.,農夫；農場主；農場經營者,2,,
elucidate,v.,闡明；說明,3,,
temporarily,adv.,暫時地；臨時地,2,,
id,n.,自我；本能的保護自己的衝動,2,,
pigsty,n.,豬舍；髒亂的地方,3,,
posterity,n.,後裔；子孫；後代,3,,
shawarma,n.,沙威瑪烤肉,3,,
eavesdrop,v. / n.,竊聽；屋簷上流下來的水,3,,
prerequisite,adj. / n.,不可缺的；首要事物,3,,
injury,n.[u,傷害；損害,2,,
mute,adj. / n. / v.,沉默的；啞巴；消除,3,,
beast of burden,ph.,馱獸,3,,
envelope,n.,信封；封皮；封套,3,,
prawn,n. / v.,對蝦；捕對蝦,3,,
headland,n.,陸岬；海角；畦頭未耕地,3,,
brake,n. / v.,煞車；制動器；閘,3,,
flow,v. / n.,流動；溢過；淹沒,2,,
guesthouse,n.,賓館；小型家庭旅館,3,,
administrator,n.,管理人；行政官員；遺產管理人,2,,
rust,n. / v.,鏽；鐵鏽；生鏽,3,,
bacon,n.,培根；燻豬肉；鹹豬肉,2,,
python,n.,鬼魂；鬼魂附體的占卜者,3,,
wasp,n.,黃蜂；螞蜂；易動怒的人,3,,
pipe,n. / v.,管；導管；輸送管,2,,
shortcut,n. / adj.,捷徑；近路；形成近路的,3,,
Hades,n.,冥府；閻王；地獄,3,,
scissors,n.,剪刀；作剪刀開合狀的腿部運動；用雙腿鉗住對方的摔角姿勢,3,,
cut across,ph.,徑直穿過；遮斷,2,,
over and over again,ph.,再三,1,,
we,pron.,我們；朕；寡人,1,,
unfathomable,adj.,深不可測的；不可理解的,3,,
smoothly,adv.,平滑地；流暢地；平穩地,3,,
cabin,n. / v.,客艙；住在小屋裡；把……關在小屋裡,2,,
attentive,adj.,注意的；留意的；傾聽的,3,,
waterproof,adj. / n. / v.,不透水的；防水的；防水材料,3,,
toast,n. / v.,祝酒；舉杯為……祝酒；提議為……乾杯,3,,
yogurt,n.,酸奶；優格；= yoghurt,3,,
gray,adj. / n. / v.,灰色的；灰色；使成灰色,2,,
viscous,adj.,黏的,3,,
oak,n.,橡樹；橡木,2,,
screwdriver,n.,螺絲起子；螺絲刀,3,,
glutinous,adj.,黏的；黏稠的；黏著性的,3,,
shrub,n.,矮樹；灌木,3,,
bull,n. / v.,公牛；強使……通過；擠出,2,,
company,n.,公司；商號；劇團,1,,
long distance,ph.,長途電話；長途通迅；長途電話局,2,,
armed forces,ph.,軍隊,2,,
src,n.,steel-framed reinforced concrete construction,3,,
youngster,n.,小孩；年輕人,3,,
catapult,n. / v.,石弩；用彈射器發射；被用彈射器彈射,3,,
secluded,adj.,與世隔絕的；隱退的；隱居的,3,,
moss,n. / v.,苔蘚；以苔覆蓋,3,,
perch,n. / vi.[ / v.,棲息處；棲木；飛落,3,,
interaction,n.,互相影響；互動,2,,
good-natured,adj.,和藹的；溫厚的,3,,
early,adj. / adv.,早的；早,1,,
heritage,n.[u,遺產；世襲財產；繼承物,2,,
pickle,n. / v.,鹽滷；泡菜水；醃製,3,,
unfeeling,adj.,無感覺的；無情的；冷酷的,3,,
together with,ph.,和...一起,1,,
tutor,n. / v.,家庭教師；私人教師；當……的教師,3,,
interfere,v.,妨礙；衝突；抵觸,3,,
numb,adj. / v.,失去感覺的；麻木的；使失去感覺,3,,
kerchief,n.,方頭巾；方圍巾；手帕,3,,
hammer,n. / v.,鐵鎚；鎯頭；錘擊,2,,
creek,n.,小河；溪；小灣,2,,
lately,adv.,近來；最近；不久前,2,,
fortune telling,n. / adj.,算命；算命的,2,,
frugal,adj.,節約的；儉樸的；花錢少的,3,,
brine,n. / v.,濃鹽水；鹵水；用濃鹽水處理,3,,
pancake,n. / v.,鬆餅；薄煎餅；薄烤餅,3,,
circumstance,n.,情況；環境；情勢,3,,
happiness,n.,幸福；快樂；愉快,2,,
get up,ph.,起床；變得猛烈,1,,
tarragon,n.,龍蒿,3,,
bean,n. / v.,豆；擊……的頭部,3,,
torrent,n.[c,奔流；洪流；傾注,3,,
tinkle,v. / n.,發叮噹聲；發鈴鈴聲；使發叮噹聲,3,,
genius,n.,天資；天賦；才華,2,,
leech,n. / v.,水蛭；用水蛭替……放血；依附並搾取別人,3,,
oppressive,adj.,壓迫的；壓制的；不公正的,3,,
battlefield,n.,戰場；戰地；鬥爭的領域,3,,
so far,ph.,到目前為止；僅到一定程度；僅在有限的範圍內,1,,
NASA,abbr.,= National Aeronautics and Space Administration美國航空及太空總署；美國太空總署；美國國家航空航天局,2,,
break out,ph.,突然發生,1,,
oust,v.,驅逐；攆走；剝奪,3,,
put,v. / n.,放；擺；裝,1,,
all along,ph.,一直；始終；從開始起就,1,,
would rather,ph.,寧願；較喜歡,1,,
slowly,adv.,緩慢地；悠悠地,2,,
darling,n. / adj.,心愛的人；寵兒；親愛的,2,,
on time,ph.,準時,1,,
forthright,adj. / adv. / n.,直率的；直截了當的；明白無誤的,3,,
ingenious,adj.,心靈手巧的；善於創造文明的；足智多謀的,3,,
all-inclusive,adj.,包括一切的；全部包括的,3,,
resplendent,a.,燦爛的；光輝的；華麗的,3,,
figure out,ph.,演算出；計算出；想出,1,,
big toe,ph.,大腳趾,2,,
feces,n.,排泄物；殘渣,3,,
wordy,adj.,文字的；口頭的；嘮叨的,3,,
partition,n. / v.,分開；把……分成部分；分割,3,,
trout,n.,鱒魚；鮭鱒魚,3,,
concerned,adj.,掛慮的；擔心的；不安的,2,,
impel,v.,推進；推動；激勵,3,,
lottery,n.,彩券；獎券；彩票,3,,
all over,ph.,到處；各處；正像所說的人一樣,1,,
luck,n. / v.,運氣；命運；走運,2,,
for a long time,ph.,在一段很長的時間裡,1,,
theater,n.,劇場；電影院；劇,2,,
celebrity,n.,名人；名流；名聲,2,,
interrogation,n.,訊問；審問；質問,3,,
boorish,adj.,粗野的；粗魯的；笨拙的,3,,
lecher,n.,登徒子；好色之徒,3,,
awareness,n.,察覺；覺悟；體認,2,,
cheesecake,n.,酪餅,3,,
renowned,adj.,有名的；有聲譽的,3,,
grimace,n. / v.,怪相；鬼臉；作怪相,3,,
fork,n. / v.,叉；分歧；分叉,2,,
wire,n. / v.,金屬線；金屬絲；用金屬絲縛,2,,
in the future,ph.,在未來,1,,
monarch,n.,君主；最高統治者,3,,
piece,n. / v.,一個；一張；一片,1,,
thickness,n.,厚；粗；濃,3,,
harvest,n. / v.,收穫；收割；收割莊稼,2,,
contact,n. / adj.,接觸；觸碰；接觸的,2,,
swab,n. / v.,醫用海綿；打掃,3,,
occupy,v.,佔領；佔據；佔,3,,
fornication,n.,通姦；和姦罪,3,,
cauldron,n.,大鍋；大汽鍋,3,,
trifle,n. / v.,小事；瑣事；開玩笑,3,,
seniority,n.,長輩；前任者的特權；老資格,3,,
notify,v.,通知；告知；報告,3,,
charter,n. / v.,特許狀；憑照；特許設立,2,,
go out,ph.,出門參加社交活動；退潮；落潮,1,,
thick-skinned,adj.,有厚皮的；厚臉皮的；不敏感的,3,,
fervent,adj.,熱烈的；熱情的；強烈的,3,,
typeface,n.,鉛字面；鉛字的字樣；字體,3,,
recipe,n.,處方；烹飪法；食譜,2,,
for the first time,ph.,第一次,1,,
invent,v.,發明；創造；捏造,3,,
dance,v. / n.,跳舞；舞蹈；跳,2,,
learn by heart,ph.,熟記,2,,
attached to,ph.,喜愛；愛慕；附屬於,2,,
application,n.,應用；適用；運用,2,,
flesh,n. / v.,肉；肌肉；用肉餵養,2,,
oval,adj. / n.,卵形的；卵形,3,,
abstract,adj. / n.,抽象的；摘要；梗概,2,,
booth,n.,貨攤；公用電話亭；崗亭,2,,
ribbon,n. / v.,緞帶；用緞帶裝飾,3,,
useful,adj.,有用的；有益的；有幫助的,2,,
lining,n.,襯裡；內襯；內層,3,,
website,n.,網站,1,,
astonish,v.,使吃驚；使驚訝,3,,
moto,ph.,活躍地；生動地,3,,
embellish,v.,美化；裝飾,3,,
fall apart,ph.,破裂；破碎；散開,2,,
give rise to,ph.,引起,2,,
education,n.,教育；培養；訓練,1,,
carapace,n.,甲殼,3,,
in other words,ph.,換句話說；也就是說,1,,
shut up,ph.,關閉；監禁,2,,
bound,v. / n.,跳躍；使跳躍,2,,
no,adj. / adv. / n.,沒有；不；不是,1,,
foe,n.[c,敵人；仇敵；敵軍,3,,
bug,n. / v.,蟲子；在……裝置防盜警報器,2,,
token,n. / a.[z / v.,標記；標誌；作為標記的,3,,
probability,n.,可能性；或然性；或有的事,2,,
buck,n. / v.,雄鹿；猛然彎背躍起；猛然彎背躍起把摔下來,2,,
pagoda,n.,塔；涼亭；印度的舊金幣,3,,
diameter,n.,直徑；倍,2,,
at will,ph.,隨意地；任意地,1,,
offering,n.,提供；供奉；貢獻,2,,
reap,v.,收割,3,,
livestock,n.,家畜,3,,
cuckold,n. / v.,有不貞妻子的男人；與……的妻子通姦,3,,
countenance,n. / v.,面容；臉色；贊同,3,,
organism,n.,生物；有機體；機體,3,,
generally,adv.,通常；一般地；廣泛地,2,,
cavern,n. / v.,洞穴；山洞；在……挖洞穴,3,,
supposing that,ph.,如果某條件得到滿足,3,,
ice lolly,ph.,冰棍；棒冰,3,,
tottering,adj.,蹣跚的；搖搖欲墜的；動搖的,3,,
tyrant,n.,暴君；專制君主；暴君似的人,3,,
astonished,adj.,驚訝的；驚愕的；astonish的動詞過去式、過去分詞,3,,
sieve,n. / v.,篩子；篩,3,,
association,n.,協會；公會；社團,1,,
traverse,v. / n.,橫渡；橫越；越過,3,,
determination,n.,堅定；果斷；決斷力,2,,
polymer,n.,聚合物,3,,
detergent,adj. / n.,去垢的；使潔淨的；洗潔劑,3,,
honeycomb,n. / adj. / v.,蜂巢；似蜂巢的；使成蜂巢狀,3,,
ominous,adj.,不祥的；不吉的；預示的,3,,
shatter,v. / n.,粉碎；砸碎；被砸碎,3,,
hillock,n.,小丘；山丘,3,,
gush,v. / n.,噴；湧；湧流,3,,
dragonfly,n.,蜻蜓,3,,
troubled,adj.,為難的；不安的；憂慮的,3,,
motive,n. / adj. / v.,動機；成為原動力的；起動的,3,,
doctor,n. / vt. / vi.,醫生；醫師；大夫,2,,
malice,n.,惡意；敵意；怨恨,3,,
historian,n.,歷史學家,3,,
prop up,ph.,支撐起某物；支住某物；支持某事物,3,,
sash,n. / v.,飾帶；給……繫上腰帶,3,,
through,preposition / adv. / adj.,穿過；通過；直達的,1,,
bicker,v. / n.,吵嘴；爭吵,3,,
trench,n. / v.,溝；溝渠；在……挖溝,3,,
slim,adj. / v.,苗條的；減輕體重；減肥,2,,
hair clip,n.,a fastening device；typically ornamental；designed to hold a woman'shairin place,2,,
litter,n. / v.,廢棄物；零亂之物；把……弄得亂七八糟,3,,
midwife,n.,助產士；促成因素,3,,
cheekbone,n.,頰骨,3,,
carp,n. / v.,鯉魚；揭瘡疤,3,,
confrontation,n.,對質；比較；對抗,3,,
prototype,n.,原型；標準；模範,3,,
excrement,n.,排泄物；糞便,3,,
tempt,v.,引誘；誘惑；勾引,3,,
lonesome,adj. / n.,寂寞的；自己；本人,3,,
go down,ph.,下去；沿著...下去；蹲下,1,,
leaf,n. / v.,葉子；匆匆翻閱；生葉片,2,,
slow-witted,adj.,頭腦遲鈍的,3,,
framework,n.,架構；骨架；構造,2,,
casual,adj. / n.,偶然的；碰巧的；臨時工人,2,,
uncomfortable,adj.,不舒服的；不安的；不自在的,2,,
impartial,adj.,不偏不倚的；公正的；無偏見的,3,,
pomegranate,n.,石榴；石榴樹,3,,
scripture,n.,《聖經》；《聖經》中的文句,3,,
decoration,n.,裝飾；裝潢；裝飾物,3,,
revenue,n.,歲入；稅收；收入,2,,
undisciplined,adj.,未受過訓練的；無修養的；不遵守紀律的,3,,
bypass,n. / v.,旁道；旁路；繞過,3,,
successor,n.,後繼者；繼任者；繼承人,3,,
uninhibited,adj.,不受約束的,3,,
intend,v.,想要；打算；打算使……,2,,
permanent,adj. / n.,永久的；永恆的；燙髮,2,,
seize an opportunity,ph.,抓住機會,3,,
honeymoon,n. / v.,蜜月；度蜜月,3,,
of course,ph.,自然的；當然；如你所料,1,,
fade away,ph.,散開；死亡,3,,
half,n. / adj. / adv.,一半；二分之一；一半的,1,,
spindle,n. / v.,紡錘；錠子；長得細長,3,,
pestle,n. / v.,杵；搗,3,,
bonus,n.,獎金；額外津貼；特別補助,2,,
maid,n.,少女；年輕女子；侍女,3,,
on the spot,ph.,立即；當場；在現場,2,,
wasteful,adj.,浪費的；揮霍的；耗費的,3,,
illustrious,adj.,著名的；傑出的；卓越的,3,,
tread,v. / n.,踩；踏,3,,
miscarriage of justice,ph.,審判不公；誤判,3,,
lump,n. / adj. / v.,團；塊；成塊狀的,3,,
tattoo,n. / v.,歸營號；連續有節奏地敲擊；作連續有節奏的敲擊,2,,
constrained,adj.,被迫的；勉強的,3,,
mane,n.[u,鬃毛；長而密的頭髮,3,,
lord,n. / v.,貴族；作威作福；加封為貴族,1,,
hill,n. / v.,小山；把……堆成土堆,2,,
synthesis,n.,綜合體；綜合；合成,3,,
turbid,adj.,渾濁的；汙濁的；混亂的,3,,
speed up,ph.,加速,2,,
credit,n. / v.,賒帳；賒欠；相信,2,,
write off,ph.,註銷；取消；勾消,2,,
miniature,n. / adj. / v.,縮樣；小型的；是……的縮影,3,,
dubious,adj.,半信半疑的；猶豫不決的；曖昧的,3,,
pharmacy,n.,藥局；藥房；藥店,3,,
cajole,v.,勾引；誘騙,3,,
take away,ph.,拿走；帶走,1,,
female,adj. / n.,女的；女人,2,,
adore,v.,崇拜；崇敬；敬重,3,,
turnip,n.,蕪菁；蕪菁甘藍；蕪菁塊根,3,,
circumference,n.,圓周；周長；物體的周邊,3,,
brook,n.,小河；小溪,3,,
railing,n.,欄杆；扶手；柵欄,3,,
concede,v.,承認；讓步,3,,
thousands upon thousands,ph.,成千上萬,2,,
attempt,v. / n.,試圖；企圖；嘗試,2,,
dispatch troops,ph.,把部隊派往邊界,3,,
flower,n. / v.,花；開花；使開花,2,,
substance,n.,物質；實質；本質,2,,
opinion poll,ph.,民意測驗,2,,
deity,n.,神；女神；神性,3,,
give in,ph.,讓步；投降；放棄戰鬥,1,,
bay,v. / n.,對……吠叫；連續吠叫；低沉吠聲,2,,
endlessly,adv.,無窮地；繼續地；永久地,3,,
mechanism,n.,機械裝置；機械作用；機構,2,,
coward,n. / adj.,懦夫；膽怯者；懦怯的,3,,
Gregorian calendar,ph.,格里高里曆；公曆,3,,
persistent,adj.,堅持不懈的；固執的；持續的,3,,
groan,n. / v.,呻吟聲；呻吟；用呻吟表示,3,,
make a mistake,ph.,犯錯；產生誤解,2,,
www,abbr.,#NAME?,3,,
shave,v. / n.,剃去……上的毛髮；修面；刮臉,3,,
supplier,n.,供應者；供應商；供應廠商,3,,
face-to-face,ph.,面對面地；面對著的,1,,
additive,adj. / n.,附加的；添加劑,3,,
ladder,n. / v.,梯子；成名；發跡,2,,
mishap,n.,不幸事故；災難；不幸,3,,
along,preposition / adv.,沿著；向前,1,,
solution,n.,解答；解決；解釋,2,,
staple,n. / adj. / v.,主要產品；主要的；把……分級,3,,
occasion,n. / v.,場合；時刻；引起,2,,
shrew,n.,鼩鼱；潑婦；悍婦,3,,
shred,n. / v.,碎片；碎條；切成條狀,3,,
role,n.,角色；作用；任務,1,,
the past,ph.,在過去；從前,1,,
protocol,n. / v.,議定書；擬訂,2,,
make use of,ph.,使用；利用,1,,
deserve,v.,應受；該得；應受賞,2,,
crust,n. / v.,麵包皮；用硬皮覆蓋；結成外殼,3,,
blank,adj. / n. / v.,空白的；空白；空白處,2,,
clique,n. / v.,派系；結黨,3,,
library,n.,圖書館；藏書室；圖書室,2,,
elf,n.,淘氣的小鬼；小精靈；頑皮的小孩,3,,
take advantage of,ph.,利用；善用；佔便宜,2,,
pot,n. / v.,罐；把……放在罐裡；盲目射擊,2,,
cowardly,adj. / adv.,膽小的；懦怯的；膽小地,3,,
brisk,adj. / v.,活潑的；生氣勃勃的；使輕快,3,,
dig out,ph.,發掘出；挖掘；發現,2,,
unilateral,adj.,一方的；單邊的；單方面的,3,,
twisted,adj.,喝醉了的；古怪的；瘋狂的,3,,
hybrid,n. / adj.,雜種；雜種的,2,,
sustain,v.,支撐；承受；承擔,3,,
handkerchief,n.,手帕；圍巾；頸巾,3,,
witness,n. / v.,目擊者；目擊；作證,2,,
administration,n.,管理；經營；監督,2,,
progressive,adj. / n.,進步的；進步分子,2,,
http,abbr.,#NAME?,2,,
veil,n. / v.,面紗；面罩；以面紗遮掩,3,,
well-being,n.,康樂；安康；福利,1,,
coccyx,n.,尾骨,3,,
good and bad,ph.,善的、惡的以及與醜的；泛指各式各樣的人等,1,,
brain,n. / v.,腦；腦袋；打破……的腦袋致死,2,,
expectation,n.,期待；預期；期望,3,,
warning,n. / adj.,警告；警告的,2,,
deed,n. / v.,行為；行動；立契出讓,3,,
shrapnel,n.,砲彈碎片；榴霰彈,3,,
dice,n. / v.,骰子；將切成小方塊,3,,
barren,adj. / n.,不生育的；不妊的；瘠地,3,,
wine,n. / v.,葡萄酒；請……喝酒；喝酒,2,,
shining,adj.,光亮的；華麗的,3,,
public opinion,ph.,輿論,2,,
jest,n. / v.,笑話；俏皮話；說笑話,3,,
covert,adj. / n.,隱蔽的；隱蔽處,3,,
provisional,adj. / n.,臨時的；暫時性的；暫定的,3,,
encounter,v. / n.,遭遇；偶然相遇；衝突,2,,
us,abbr.,= unconditional stimulus非條件刺激；= under seal 蓋上公章的,1,,
nag,v. / n.,使煩惱；不斷嘮叨；好嘮叨的人,3,,
mutter,v. / n.,低聲嘀咕；咕噥；低聲含糊地說,3,,
cookie,n.,甜餅乾；一種小麵包；傢伙,2,,
toilet paper,ph.,衛生紙；廁紙,2,,
hover,v. / n.,盤旋,3,,
right away,ph.,立刻；馬上,1,,
each,adj. / pron. / adv.,各；各個,1,,
member,n.,成員；會員；一部分,1,,
flustered,adj.,激動不安的；慌張的；fluster的動詞過去式、過去分詞,3,,
affiliated,adj.,附屬的；相關的；affiliate的動詞過去式、過去分詞,3,,
jacket,n. / v.,夾克；上衣；給……加外罩,2,,
junior,adj. / n.,年紀較輕的；較年少者,2,,
plum,n.,李子；梅子；李屬植物,3,,
inter,v.,埋；葬,2,,
attach,v.,裝上；貼上；繫上,3,,
judgment,n.,審判；裁判；判決,2,,
persuade,v.,說服；勸服；被說服,3,,
terminal,adj. / n.,末端的；末端,2,,
knight-errant,n.,遊俠騎士,3,,
naughty,adj.,頑皮的；淘氣的；撒野的,3,,
insignificant,adj.,小的；地位低微的；無足輕重的,3,,
depression,n.,沮喪；意氣消沉；不景氣,2,,
forge,n. / v.,熔鐵爐；打；鍛造,3,,
vapor,n. / v.,水汽；汽；蒸汽,3,,
quietly,adv.,輕聲地；安靜地；平靜地,2,,
differentiate,v.,使有差異；區別；區分,3,,
startled,adj.,受驚嚇的；startle的動詞過去式、過去分詞,3,,
city,n. / adj.,城市；都市；市,1,,
sample,n. / adj. / v.,樣品；樣本；樣品的,2,,
brandish,v. / n.,揮舞；揮動,3,,
logic,n.,邏輯；邏輯學；推理,2,,
bake,v. / n.,烘；烤；烘麵包,3,,
misty,adj.,霧的；有霧的；霧氣覆蓋的,3,,
be sure,ph.,務必；一定要,1,,
creator,n.,創造者；創作者；創設者,2,,
alley,n.,小巷；胡同；後街,3,,
hang oneself,ph.,感到羞愧,3,,
progress,v.,前進；進行；上進,2,,
by means of,ph.,藉著...方法,1,,
porter,n.,搬運工人；腳夫；服務員,3,,
performance,n.,演出；演奏；表演,1,,
favorable,adj.,贊同的；稱讚的；有利的,3,,
blaze,n. / v.,火焰；燃燒；使燃燒,3,,
shed,v. / n.,流出；溢出；分水嶺,2,,
implicate,v. / n.,牽連；包含的事物,3,,
goal,n. / v.,終點；攻門,1,,
excite,v.,刺激；使興奮；使激動,3,,
(used in given names),ph.,被使用；在使用中；佔線,2,,
identical,adj.,同一的；完全相同的；完全相似的,2,,
immerse,v.,使浸沒；給……施浸禮,3,,
scattered,adj.,散亂的；散布的；scatter的動詞過去式、過去分詞,3,,
exercise,n. / v.,運動；鍛鍊；練習,2,,
papers,n.,資料；證件；文件,2,,
hoarse,adj.,嘶啞的；粗啞的；嗓音嘶啞的,3,,
shocking,adj.,令人震驚的；駭人聽聞的；不正當的,2,,
middle,adj. / n. / v.,中部的；中間的；中部,1,,
bawl,v. / n.,大喊；大叫；大聲叫出,3,,
rhyme,n. / v.,韻；韻腳；押韻,3,,
smell,v. / n.,嗅；聞；氣味,2,,
critical,adj.,緊要的；關鍵性的；危急的,2,,
first class,ph.,上等；最高級；第一流,1,,
quick-witted,adj.,機敏的；有急智的,3,,
identify,v.,確認；認同,2,,
note,n. / v.,筆記；注意；注目,1,,
accelerate,v.,使增速；加快,3,,
wild,adj. / n. / adv.,野的；荒野；荒地,2,,
proofread,v.,校對；做校對工作,3,,
fish,n. / v.,魚；捕魚,2,,
whistle,n. / v.,口哨；吹口哨；用口哨吹出,3,,
swing,v. / n.,搖擺；擺動；搖蕩,2,,
tour,n. / v.,旅行；旅遊；遊覽,2,,
invade,v.,侵入；侵略,3,,
difficulty,n.,困難；艱難；難事,2,,
criterion,n.,標準；準則；尺度,3,,
peddler,n.,小販；兜售者；傳播者,3,,
ready,adj. / adv. / n.[t,準備好的；預先；事先,1,,
daytime,n.,白天；白晝,3,,
endorse,v.,在背面簽名；背書；簽署,3,,
argue,v.,爭論；辯論,2,,
abstruse,adj.,深奧的；難懂的,3,,
spurt,v. / n.,噴射；噴出；突然的噴射,3,,
crime,n. / v.,罪；罪行；控告……違反紀律,2,,
above,preposition / adv. / adj.,在……上面；在上面；上文的,1,,
universal,adj. / n.,全體的；普通性,2,,
tow,v. / n.,拖；拉,3,,
again,adv.,再；再一次；重回,1,,
look down upon,ph.,鄙視,2,,
educate,v.,教育；培養；訓練,3,,
impede,v.,妨礙；阻礙；阻止,3,,
demand,n. / v.,要求；請求,2,,
in the end,ph.,最後,1,,
stream,n. / v.,小河；溪流；流,2,,
annex,v.,附加；增添；併吞,3,,
industrious,adj.,勤勉的；勤奮的；勤勞的,3,,
satisfied,adj. / v.,感到滿意的；動詞 satisfy 的過去式和過去分詞,2,,
wicked,adj. / adv.,壞的；用作加強語氣用,3,,
terrible,adj.,可怕的；嚇人的；可怖的,2,,
mail,n. / v.,郵遞；郵寄,2,,
hear,v.,聽見；聽得見,1,,
aunt,n.,伯母；嬸母；姑母,2,,
dispel,v.,驅散；消除,3,,
exuberant,adj.,豐富的；充溢的；繁茂的,3,,
describe,v.,描寫；描繪；敘述,2,,
penis,n.,陽物；陰莖,2,,
hoodwink,v.,欺詐；哄騙；蒙住……的眼睛,3,,
insipid,adj.,沒有味道的；清淡的；無趣的,3,,
thereupon,adv.,因此；於是；隨即,3,,
policy,n.,政策；方針；策略,1,,
trim,v. / n.,修剪；消減,3,,
millet,n.[c,黍；稷；黍的穀粒,3,,
practical,adj.,實踐的；實際的；實用的,2,,
dodge,v. / n.,閃開；躲開；閃避,3,,
pink,n. / adj. / v.,石竹；粉紅色的；使成粉紅色,2,,
just like,ph.,突然；冷不防地；莫名其妙地,1,,
hug,v. / n.,緊抱；緊抱在一起,2,,
witch,n. / v.,女巫；巫婆；施巫術於,2,,
impeach,v. / n.,控告,3,,
sole,n. / v.,腳底；給裝底,2,,
window,n. / v.,窗；窗戶；給……開窗,2,,
acute,adj.,尖銳的；敏銳的；劇烈的,3,,
cellar,n. / v.,地下室；地窖；把……藏入地窖,3,,
prefer,v.,寧可；寧願；更喜歡,2,,
traveler,n.,旅行者；旅客；遊客,3,,
in turn,ph.,按順序；依次；逐個地,1,,
preach,v. / n.,布道；講道,3,,
marriage,n.,結婚；婚姻；婚姻生活,2,,
act as,ph.,充當；擔任,1,,
tread on,ph.,歡天喜地,3,,
snail,n.,蝸牛；動作遲緩的人,3,,
dislike,v. / n.,不喜愛；厭惡,3,,
crest,n. / v.,冠；在……上加頂飾；達到頂點,3,,
whatever,pron. / adj.,任何……的事物；任何……的,1,,
advise,v.,勸告；忠告,2,,
modern,adj. / n.,現代的；現代人,1,,
fitting,adj. / n.,適當的；合適的；試穿,2,,
road,n. / v.,路；道路；公路,1,,
deny,v.,否定；否認；拒絕給予,2,,
corrupt,adj. / v.,腐敗的；貪汙的；使腐敗,2,,
art,n.,藝術；美術；藝術品,1,,
put in order,ph.,整理,1,,
monopolize,v.,壟斷；擁有……的專賣權；獨佔,3,,
limpid,adj.,清澈的；透明的；暢達的,3,,
clothes,n.,衣服；服裝；被褥,2,,
incline,v.,傾斜；使傾斜,3,,
discriminate,v.,區別；辨別,3,,
long-winded,adj.,能一口氣跑完長距離的；冗長的；囉嗦的,3,,
apprehensive,adj.,憂慮的；恐懼的；善於領會的,3,,
index,n. / v.,索引；為……編索引；編索引,2,,
climb,v. / n.,爬；攀登；攀爬,2,,
disciple,n.,信徒；門徒；追隨者,3,,
clan,n.,氏族；部落；家族,3,,
messenger,n.,送信人；使者；信差,3,,
precise,adj.,精確的；準確的；確切的,2,,
trembling,n. / adj.,發抖；發抖的,3,,
sub-,n.[c / v. / adj.,潛水艇；作替身；替代,2,,
skeleton,n. / a.[z,骨骼；骨骼的,3,,
who,pron.,誰；什麼人；……的人,1,,
mend,v. / n.,修理；修補；漸癒,3,,
reconcile,v.,使和解；使和好；調停,3,,
extent,n.,廣度；寬度；長度,2,,
mild,adj.,溫和的；溫柔的；溫暖的,2,,
short-sighted,adj.,近視的；目光短淺的；無先見的,3,,
Buddhism,n.,佛教,3,,
routine,n. / adj.,例行公事；日常的；例行的,2,,
rogue,n. / v.,惡棍；流氓；游手好閒,3,,
illegal,adj. / n.,不合法的；非法的；非法移民,2,,
forest,n. / v.,森林；植林於,2,,
affection,n.,影響；屬性,3,,
customer,n.,顧客；買主；傢伙,2,,
air,n. / v.,空氣；晾,1,,
tighten,v.,使變緊；使繃緊；變緊,3,,
dissatisfied,adj.,不滿的；流露不滿的,3,,
army,n.[c,軍隊；陸軍；軍團,1,,
stir,v. / n.,攪拌；攪動；微動,3,,
sick,adj.,病的；有病的；病人的,2,,
busy,adj. / v.,忙碌的；繁忙的；使忙於,2,,
scorch,v. / n.,把……燒焦；把……烤焦；燒焦,3,,
analgesic,adj. / n.,止痛的；止痛劑,3,,
butt,n. / v.,靶子；接合；使接合,2,,
that,pron. / adj. / adv.,那；那個；那樣,1,,
fiery,adj.,火的；火一般的；燃燒般的,3,,
safe,adj. / n.,安全的；無危險的；保險的,1,,
accomplice,n.,共犯；同謀；幫兇,3,,
stress,n. / v.,壓力；強調；著重,2,,
conscientious,adj.,憑良心的；誠實的；認真的,3,,
tune,n. / v.,曲調；為……調音；發出音樂聲,2,,
stratagem,n.,策略；計謀；詭計,3,,
squat,v. / adj.,蹲；蹲踞；蹲下,3,,
global,adj.,球狀的；全世界的,2,,
as a result,ph.,結果；因此,1,,
again and again,ph.,重複的；再三的,1,,
slut,n.,邋遢女子；自甘墮落的女人,3,,
box,n. / v.,箱；把……裝箱,1,,
wrap up,ph.,包裹；包好；裹住,2,,
pheasant,n.,雉；野雞；雉科鳥,3,,
dissolute,adj.,放蕩的；放縱的,3,,
brush,n. / v.,刷；刷子；拂,2,,
dangerous,adj.,危險的；不安全的；招致危險的,2,,
summer,n. / v.,夏天；過夏天；夏季放牧,1,,
make friends,ph.,交朋友；結交成朋友,1,,
blurred,adj.,模糊不清的；難辨別的；blur的動詞過去式、過去分詞,3,,
grip,n. / v.,緊握；握牢；握得牢,2,,
bridle,n. / v.,馬勒；馬籠頭；轡頭,3,,
contribution,n.,貢獻；捐獻；捐助,2,,
crystal,n. / adj.,水晶；水晶的；水晶製的,2,,
mistress,n.,女主人；主婦；女名家,3,,
rugged,adj.,高低不平的；粗糙的；粗線條的,3,,
(herb),n.,草本植物；芳草；藥草,3,,
affair,n.,事情；事；事件,2,,
suspicion,n. / v.,懷疑；疑心；猜疑,3,,
go up,ph.,上升；被建造起來,1,,
legal,adj.,法律上的；有關法律的；合法的,1,,
regulation,n. / adj.,規章；標準的,2,,
variable,adj. / n.,易變的；多變的；可變物,2,,
annihilate,v.,殲滅；消滅；徹底擊潰,3,,
gaze,v. / n.,凝視；注視；盯,3,,
naive,adj.,天真的；幼稚的；輕信的,3,,
dock,n. / v.,碼頭；使靠碼頭；靠碼頭,3,,
bubble,n. / v.,水泡；氣泡；泡,2,,
sweat,n. / v.,汗；汗水；出汗,2,,
dazed,adj.,暈眩的；茫然的；daze的動詞過去式、過去分詞,3,,
bald,adj.,禿頭的；禿頂的；無毛的,3,,
chaotic,adj.,混亂的；雜亂無章的；無秩序的,3,,
corn,n. / v.,小麥；使成粒狀,2,,
door,n.,門；門口；出入口,1,,
also,adv. / conjunction,也；亦；又,1,,
primary,adj. / n.,首要的；主要的；居首位的事物,2,,
dream,n. / v.,夢；做；做夢,2,,
forehead,n.,額；前額；前部,3,,
rage,n. / v.,狂怒；盛怒；發怒,2,,
kind-hearted,adj.,仁慈的；好心腸的,3,,
wizard,n. / adj.,男巫；男巫的,3,,
cabinet,n. / adj.,櫥；櫃；內閣的,2,,
although,conj.,雖然；儘管；然而,1,,
sloppy,adj.,稀薄的；懶散的,3,,
shady,adj.,成蔭的；多蔭的；背蔭的,3,,
cling to,ph.,緊握不放；忠實於,3,,
lie down,ph.,平躺下來；稍做休息,2,,
lodge,n. / v.,守衛室；供給……臨時宿處；暫住,2,,
pitch dark,adj.,漆黑的,2,,
tangerine,n.,橘子,3,,
injustice,n.,非正義；不公正；不公平,3,,
pie chart,ph.,餅形統計圖,2,,
growth,n.,生長；成長；發育,1,,
embankment,n.,築堤；堤岸；路堤,3,,
preface,n. / v.,序言；緒言；為……加序言,3,,
in the twinkling of an eye,ph.,一瞬間；一霎那；一下子,3,,
luminous,adj.,發光的；夜光的；光輝的,3,,
fragile,adj.,易碎的；脆的；易損壞的,3,,
familiar,adj. / n.,世所周知的；妖精,2,,
prize,n. / adj. / v.,獎賞；得獎的；重視,2,,
propitious,a.,吉祥的；吉利的；順利的,3,,
weaken,v.,削弱；減弱；變弱,3,,
stem,n. / v.,莖；幹；柄,2,,
artificial,adj.,人工的；人造的；假的,2,,
lost,adj.,弄丟的；遺失的；迷途的,1,,
engage in,ph.,從事於；忙於；埋頭致力於,2,,
need not,ph.,本來無必要做某事；本不該做某事,1,,
secondary,adj. / n.,第二的；副手；次要人物,2,,
beard,n. / v.,鬍鬚；山羊鬍；公然反對,2,,
compound,v.,增加；加重；使惡化,2,,
elect,v. / adj. / n.,選舉；選定的；當選的,2,,
safeguard,v. / n.,保護,3,,
lifetime,n. / adj.,一生；終身；一生的,2,,
disregard,v. / n.[u,不理會；不顧；忽視,3,,
shiver,v. / n.,發抖；打顫；顫抖,3,,
verdant,a.,青翠的；嫩綠的；長滿綠色植物的,3,,
inclination,n.,傾向；意向；愛好,3,,
not bad,ph.,不錯；比預料的要好,1,,
never mind,ph.,沒關係；不介意；別擔心,1,,
enclose,v.,圍住；圈起；關閉住,3,,
refine,v.,提煉；精鍊；被提煉,3,,
vomit,v. / n.,嘔吐,3,,
reflect,v.,反射,2,,
organization,n.,組織；機構；團體,2,,
fur,n. / v.,軟毛；用毛皮覆蓋,2,,
diagram,n. / v.,圖表；用圖解法表示；圖示,3,,
storehouse,n.,倉庫；貨棧；寶庫,3,,
appease,v.,平息；緩和；撫慰,3,,
senile dementia,ph.,老人痴呆症,3,,
especially,adv.,特別；尤其；格外,1,,
abdicate,v.,正式放棄；退位,3,,
boy,n. / int.,少年；男孩；哇！好傢伙！,1,,
gear,n. / v.,齒輪；用齒輪使聯動；搭上齒輪,2,,
culture,n.,文化；教養；陶冶,1,,
toilet,n.,廁所；洗手間；盥洗室,2,,
point out,ph.,指出；提出,1,,
furthermore,adv.,而且；此外；再者,2,,
viscosity,n.,黏質；黏性,3,,
bird,n.,鳥；禽；人,2,,
rape,n.[u / v.,強姦,2,,
conform to,ph.,符合,3,,
merit,n. / v.,價值；值得；應受,2,,
more and more,ph.,越來越...；愈來愈...,1,,
pulse,n. / v.,脈搏；搏動；使跳動,2,,
essential,adj. / n.,必要的；不可缺的；要素,2,,
smile,v. / n.,微笑；以微笑表示；笑容,2,,
old-fashioned,adj. / n.,舊式的；過時的；古典雞尾酒,3,,
club,n. / v.,俱樂部；用棍棒打；捐獻,1,,
single,adj. / n. / v.,單一的；單個的；單個,1,,
design,v. / n.,設計；畫圖樣；圖樣,1,,
reality,n.,現實；真實；事實,2,,
town,n.,鎮；市鎮；城市,1,,
principle,n.,原則；原理；主義,2,,
chance,n. / v.,偶然；冒……的險；碰巧,1,,
assume,v.,以為；裝腔作勢,2,,
proverb,n.,諺語；俗語；常言,3,,
bequeath,v.,把……遺贈給；傳下；留下,3,,
ditch,n. / v.,溝；在……上掘溝；掘溝,3,,
variegated,adj.,雜色的；色彩斑駁的；多變的,3,,
slip,v. / n.,滑動；滑行；使滑動,2,,
boudoir,n.,婦人的起居間,3,,
find out,ph.,找出；發現；查明,1,,
mask,n. / v.,假面具；在戴面具；戴面具,2,,
ball,n. / v.,球；使成球形；呈球狀,1,,
means,n.,手段；方法；工具,1,,
print,v. / n.,印；印刷；印出的字,2,,
awesome,adj.,令人敬畏的；可怕的；有威嚴的,2,,
ceremony,n.,儀式；典禮；禮儀,2,,
phoenix,n.,長生鳥；鳳凰；大天才,2,,
dread,v. / n.,懼怕；畏懼；恐怖,3,,
migrate,v.,遷移；移居；定期移棲,3,,
contented,adj.,滿足的；知足的；滿意的,3,,
vertical,adj. / n.,垂直的；垂直線,2,,
clothing,n.,衣服；衣著；覆蓋物,2,,
complacent,adj.,滿足的；自滿的,3,,
comrade,n.,夥伴；戰友；同好,3,,
spend,v. / n.,花；花費；花錢,2,,
hopeless,adj.,絕望的；不抱希望的；無望的,3,,
vibrate,v.,顫動；使顫動,3,,
post,n. / v.,崗位；布置,1,,
security,n.,安全；安全感；防備,1,,
nurture,n. / v.,營養物；食物；養育,3,,
mingle,v.,使混合；使相混；混合起來,3,,
spare,v. / adj.,分出；騰出；節約,2,,
more or less,ph.,差不多；多少有一點,1,,
dismal,adj. / n.,憂鬱的；令人憂鬱的事,3,,
Sunday,n.,星期日,2,,
setback,n.,挫折；失敗；倒退,3,,
awe-inspiring,adj.,令人起敬畏心的；令人驚嘆的,3,,
universe,n.,宇宙；天地萬物；全世界,2,,
aim,v. / n.,把……瞄準；瞄準；對準,2,,
caress,n. / v.,愛撫,3,,
decadent,adj. / n.,墮落的；墮落者,3,,
chatter,v. / n.,喋喋不休；嘮叨；喋喋不休地說,3,,
frighten,v.,使驚恐；使害怕；驚恐,3,,
toady,n. / v.,諂媚者；諂媚；拍馬,3,,
let go,ph.,放開；因壓力而斷裂；忽視,1,,
contend,vi.[ / v.,爭奪；競爭；為……鬥爭,3,,
oversee,v.,監視；監督；管理,3,,
hut,n. / v.,小屋；使住在小屋中；住在小屋中,3,,
owl,n.,貓頭鷹；鴞裊；常熬夜的人,3,,
song,n.,歌；歌曲；詩歌,1,,
hoard,n. / v.,貯藏的錢財；貯藏；聚藏,3,,
comprehend,v.,理解；了解；領會,3,,
and so on,ph.,等等,1,,
dilute,v. / adj.,稀釋；變稀薄；經稀釋的,3,,
whitewash,n. / v.,白塗料；石灰水；塗白,3,,
tight,adj. / adv.,緊的；不鬆動的；緊,2,,
year,n.,年；一年；曆年,1,,
heart-broken,ph.,破碎的心,2,,
capsize,v.,使傾覆；傾覆,3,,
be fond of,ph.,喜歡；愛好,3,,
swamp,n. / v.,沼澤；使陷入沼澤；陷入沼澤,3,,
capability,n.,能力；才能；性能,2,,
offspring,n.,子女；子孫；後代,3,,
bow,n. / adj. / v.,弓；弓形的；弄彎,2,,
channel,n. / v.,水道；航道；在……開水道,2,,
silk,n. / adj. / v.,蠶絲；絲；絲的,2,,
chamber pot,ph.,便壺；夜壺,2,,
salute,v. / n.,向……行禮；向……致敬；行禮,3,,
USB flash drive,n.,a small externalflash drivethat can be used with any computer that has aUSBport.,3,,
narrative,n. / adj.,記敘文；敘事的,2,,
prompt,adj. / adv. / v.,敏捷的；及時的；迅速的,3,,
pawn,v. / n.,典當；典；當,3,,
defame,v.,誹謗；破壞……的名譽,3,,
wharf,n. / v.,碼頭；使靠碼頭；靠碼頭,3,,
decrease,n.,減少；減小；減少額,2,,
cower,v.,抖縮；蜷縮；畏縮,3,,
husband and wife,ph.,夫妻；夫婦,2,,
illuminate,v.,照亮,3,,
custom,n. / adj.,習俗；慣例；訂做的,2,,
cycle,n. / v.,週期；循環；輪轉,2,,
incomparable,adj.,無比的；無雙的；無可匹敵的,3,,
shirk,v.,逃避義務；偷懶；逃避,3,,
various,adj.,不同的；各種各樣的；形形色色的,1,,
as soon as possible,ph.,盡早；盡快；盡快地,1,,
most likely,ph.,可能,1,,
common saying,ph.,常言道…,2,,
ally,n. / v.,同盟國；使結盟；結盟,2,,
energy,n.,活力；幹勁；精力,1,,
belly,n. / v.,腹；腹部；腹腔,2,,
history,n.,歷史；史學；來歷,1,,
rotate,v. / adj.,旋轉；轉動；使旋轉,3,,
doc,abbr.,= doctor；= document；documentary,2,,
thumb,n. / v.,拇指；用拇指翻動；用拇指翻書,2,,
boring,adj. / n.,鑽孔用的；鑽孔,2,,
all one's life,ph.,一生,2,,
peculiar,adj. / n.,奇怪的；特權,3,,
trustworthy,adj.,值得信賴的；可信的；可靠的,3,,
plead,v.,為辯護；辯護；抗辯,3,,
shudder,v. / n.,發抖；戰慄,3,,
tassel,n. / v.,流蘇；纓；綬,3,,
bring up,ph.,培養；養育；教育,1,,
capacity,n.,容量；容積；能量,2,,
bizarre,adj.,奇異的；異乎尋常的,2,,
ache,v. / n.,疼痛,3,,
important,adj.,重要的；重大的；地位高的,1,,
hair,n.,毛髮；獸毛；頭髮,1,,
since,ad. / preposition / conjunction,此後；自……以來；從……至今,1,,
in accordance with,ph.,根據；與...一致,2,,
delightful,adj.,令人愉快的；令人高興的；可愛的,3,,
vagrant,n. / adj.,流浪者；流浪的,3,,
shoulder,n. / v.,肩；肩膀；肩起,2,,
rot,v. / n.,腐爛；腐壞；使腐爛,3,,
shrimp,n. / v.,蝦；捕蝦,3,,
serene,adj.,安詳的；穩重的；晴朗的,3,,
dissipated,adj.,沉迷於酒色的；閒遊浪蕩的；dissipate的動詞過去式、過去分詞,3,,
granary,n.,穀倉；糧倉；盛產糧食的地區,3,,
clearly,adv.,明亮地；明淨地；明確地,2,,
go back,ph.,後退；返回,1,,
tail,n. / v.,尾巴；尾隨,2,,
route,n. / v.,路；按規定路線發送,2,,
play tricks,ph.,捉弄...,2,,
aggregate,v.,使聚集；聚集,3,,
simultaneously,adv.,同時地,2,,
choke,v. / n.,使窒息；窒息；噎,3,,
pleasure,n. / v.,愉快；高興；使高興,2,,
fancy,n. / v. / adj.,愛好；想像；設想,2,,
glue,n. / v.,膠；膠水；膠合,3,,
proof,n. / adj. / v.,證據；不能穿透的；能抵擋的,2,,
in the light of,ph.,按照,1,,
learned,adj.,有學問的；博學的；精通的,2,,
demote,v.,降級,3,,
structure,n. / v.,結構；構造,2,,
button,n. / v.,鈕扣；釦子；扣上,2,,
make public,ph.,公佈；公開；發表,1,,
consciousness,n.,有知覺；清醒；意念,2,,
in disorder,ph.,混亂地；紊亂地,2,,
pillage,n. / v.,搶劫；掠奪,3,,
kidnap,v.,誘拐；綁架；劫持,3,,
characteristic,adj. / n.,特有的；獨特的；特性,3,,
annotate,v.,註解；給……作註解,3,,
howl,v. / n.,嗥叫；吼叫著說；狂喊著表示,3,,
industry,n.,工業；企業；行業,1,,
advertise,v.,為……做廣告；做廣告；作宣傳,3,,
definitely,adv.,明確地；明顯地；清楚地,2,,
clutch,v. / n.,抓住；抓；攫,3,,
apply,v.,塗；敷；申請,2,,
kiss,v. / n.,吻；接吻,2,,
carry on,ph.,繼續；進行；經營,2,,
battle,n. / v.,戰鬥；與……作戰；搏鬥,2,,
nest,n. / v.,巢；築巢；使入巢,2,,
nevertheless,adv.,仍然；不過；然而,2,,
space,n. / v.,空間；在……留出間隔；留間隔,1,,
tap,n. / v.,龍頭；閥門；裝上塞子,2,,
acquire,v.,取得；獲得；學到,2,,
unsophisticated,adj.,不世故的；純真的；不複雜的,3,,
heartless,adj.,無情的；冷酷的；無生氣的,3,,
firewood,n.,木柴；柴火,3,,
confine,v.,限制；鄰接；接壤,3,,
rate,n. / v.,比例；率；對……估價,1,,
drip,v. / n.,滴下；使滴下,3,,
afraid,adj.,害怕的；怕的；恐怕,2,,
submit,v.,使服從；使屈服；屈從,2,,
smelt,v.,熔煉,3,,
outrageous,adj.,可憎的；可恥的；粗暴的,3,,
down payment,ph.,分期付款的頭款,2,,
fill up,ph.,裝滿；填滿；填掉,2,,
bring together,ph.,促使和解；使和好,1,,
exceptional,adj.,例外的；異常的；特殊的,2,,
mourn,v.,哀痛；哀悼；為……哀痛,3,,
open-minded,adj.,心胸寬的；能接受新思想的；無先入之見的,2,,
pavilion,n. / v.,亭子；涼亭；置……於亭中,3,,
granule,n.,細粒,3,,
edit,v.,編輯；校訂；剪輯,2,,
stage,n. / v.,舞臺；把……搬上舞臺；上演,1,,
comet,n.,彗星,3,,
reform,v. / n.,改革；革新；改良,2,,
play with,ph.,拿...玩；和...一起玩；戲弄,1,,
plague,n. / v.,瘟疫；使染瘟疫,3,,
as far as the eye can see,ph.,就視力所能及,2,,
sip,v. / n.,啜飲；呷；啜,3,,
state of mind,ph.,心情；心理狀態；心境,1,,
patrol,n. / v.,巡邏；偵察,2,,
perform,v.,履行；演出；表演,2,,
unhappy,adj.,不幸福的；不愉快的；痛苦的,2,,
magic,n. / adj.,魔法；巫術；巫術的,2,,
symbol,n. / v.,象徵；標誌,2,,
sour,adj. / v.,酸的；酸味的；使變酸,3,,
temporary,adj. / n.,臨時的；臨時工；臨時僱員,2,,
swarm,n. / v.,群；分群；擠滿,3,,
fresh,adj. / adv. / n.,新鮮的；剛；才,2,,
throttle,n. / v.,節流閥；掐住……的脖子；掐死,3,,
relate,v.,講；敘述；有關,2,,
war,n. / v.,戰爭；打仗,1,,
sort,n. / v.,種類；品種；類型,2,,
preeminent,adj.,卓越的；顯著的,3,,
pole,n. / v.,柱；用竿支撐,2,,
widow,n. / v.,寡婦；使成寡婦；使喪偶,2,,
street,n.,街；街道；車道,1,,
veteran,n. / adj.,老兵；老兵的,2,,
might,aux.,可能；可以；會,1,,
monitor,n. / v.,顯示器；監控,2,,
tire,n. / v.,輪胎；裝輪胎,2,,
owner,n.,物主；所有人,2,,
definite,adj.,明確的；確切的；一定的,3,,
nervous,adj.,神經質的；緊張不安的；神經的,2,,
dish,n. / v.,碟；盤；盛……於盤中,2,,
mislead,v.,把……帶錯方向；把……引入歧途；把……帶壞,3,,
accomplishment,n.,成就；成績；才藝,3,,
aggressive,adj.,侵略的；侵犯的；好鬥的,2,,
rose,n. / adj. / v.,薔薇花；玫瑰花；薔薇花的,2,,
main,a.[z / n.,主要的；最重要的；總管道,1,,
turn back,ph.,往回走,1,,
put on airs,ph.,擺架子,3,,
fade,v.,凋謝；枯萎；使褪色,3,,
bottom,n. / adj. / v.,底；最低的；在……上裝底,2,,
however,conjunction / adv.,然而；可是；不過,1,,
a little bit,ph.,少許,1,,
which,pron. / adj.,哪一個；哪一些,1,,
upgrade,n. / adv. / v.,上坡；往山上；使升級,2,,
spacious,adj.,寬敞的；廣闊的；無邊無際的,3,,
prohibit,v.,禁止；妨礙；阻止,3,,
wane,v. / n.,虧；缺；月虧,3,,
tidy up,ph.,使整齊；使整潔；收拾東西,3,,
popsicle,n.,棒冰,3,,
parrot,n. / v.,鸚鵡；鸚鵡學舌般地重複,3,,
sunset,n.,日落；日落時間；日落的景象,2,,
turn into,ph.,變成；進入,1,,
broom,n. / v.,掃帚；用掃帚掃,3,,
belt,n. / v.,腰帶；用皮帶抽打；猛擊,2,,
read aloud,ph.,朗讀,3,,
bulge,n. / v.,腫脹；凸塊；膨脹,3,,
different,adj.,不同的；個別的；另外的,1,,
household,n. / adj.,一家人；家的；家庭的,2,,
stranger,n.,陌生人；外地人；新來者,2,,
larva,n.,幼蟲；幼體,3,,
bomb,n. / v.,炸彈；轟炸；投彈,2,,
charity,n.,慈悲；仁愛；博愛,2,,
splash,v. / n.,濺；潑,3,,
hobby,n.,業餘愛好；癖好；嗜好,3,,
ban,n. / v.,禁止；取締,2,,
function,n. / v.,功能；作用；官能,2,,
stature,n.,身高；身材；高度,3,,
amuse,v.,使歡樂；逗……高興；使發笑,3,,
lie low,ph.,不出聲；隱藏,2,,
tendency,n.,傾向；癖性；天分,3,,
training,n.,訓練；鍛鍊；培養,1,,
truth,n.,實話；事實；實情,1,,
originate,v.,發源；引起,3,,
stand up,ph.,站起來；經得住；經久耐用,1,,
hold back,ph.,保留；抑制；阻礙,1,,
debt,n.,債；借款；恩義,2,,
wrap,v. / n.,包；裹；纏繞,2,,
associate with,ph.,聯繫；把...和...聯繫在一起；與...結交,2,,
senior,adj. / n.,年長的；年紀較大的；較年長者,2,,
sing,v. / n.,唱；唱歌；演唱,2,,
movement,n.,運動；活動；動作,2,,
integrity,n.,正直；廉正；誠實,2,,
toil,n. / v.,辛苦；勞累；苦幹,3,,
lane,n.,小路；巷；弄,2,,
reverse,adj. / v.,顛倒的；顛倒；翻轉,2,,
demonstrate,v.,論證；證明；示威,2,,
improve,v.,改進；改善；變得更好,2,,
garrison,n. / v.,衛戍部隊；警衛部隊；駐軍,3,,
few,adj. / pron.,很少數的；很少數,1,,
between,preposition / adv.,在……之間；在中間,1,,
seed,n. / v.,種子；籽；在……播種,2,,
dig,v. / n.,掘；挖掘；發掘,2,,
slightly,adv.,輕微地；稍微地；微小地,2,,
crowd,n. / v.,人群；擠滿；擠,2,,
after,preposition / conjunction / adv.,在……以後；在……之後；以後,1,,
funny,adj. / n.,有趣的；笑話,1,,
screw,n. / v.,螺絲；螺釘；螺絲釘,2,,
sediment,n.,沉積；沉澱；沉積物,3,,
prudent,adj.,審慎的；小心的；精明的,3,,
until,preposition / conjunction,直到……時；到……為止,1,,
translate,v.,翻譯；轉譯,3,,
refuse,v.,拒絕,2,,
use up,ph.,用完；消耗；耗盡某事物,1,,
agreeable,adj.,令人愉快的；宜人的；欣然贊同的,3,,
shipping,n.,運輸；運輸業；船舶,2,,
script,n. / v.,手跡；把……改編為劇本,2,,
swollen,adj.,膨脹的；浮腫的；漲起的,3,,
slight,adj. / v. / n.,輕微的；輕視；輕蔑,2,,
bright,adj. / adv. / n.,明亮的；明亮地；車頭燈光,2,,
place name,n.,地名,1,,
stop,v. / n.,停止,1,,
order,n. / v.,順序；次序；命令,1,,
clear,adj. / adv. / v.,清澈的；透明的；清晰地,1,,
control,v. / n.,控制；支配,1,,
happy,adj.,高興的；樂意的；滿足的,1,,
support,v. / n.,支撐；支托；扶持,1,,
suddenly,adv.,意外地；忽然；冷不防,2,,
cover,v. / n.,遮蓋；頂替；代替,1,,
then,adv. / adj. / n.,那時；當時；當時的,1,,
beautiful,adj.,美麗的；漂亮的；出色的,1,,
outstanding,adj. / n.,凸出的；未償貸款,2,,
appearance,n.,出現；顯露；露面,2,,
close,adj. / adv. / n.,近的；接近的；接近,1,,
seize,v.,抓住；捉住,3,,
sincere,adj.,衷心的；真誠的；真心實意的,3,,
collect,v. / adj.,收集；採集；聚集,2,,
examine,v.,檢查；調查,2,,
stupid,adj. / n.,愚蠢的；笨的；笨蛋,2,,
confused,adj.,混亂的；亂七八糟的；雜亂的,2,,
investigate,v.,調查；研究,2,,
spread,v. / n.,使伸展；使延伸；伸展,2,,
gather,v. / n.,收集；積聚；聚集,2,,
praise,n. / v.,讚揚；稱讚；讚美,2,,
collapse,v. / n.,倒塌；使倒塌,2,,
quiet,adj. / n. / v.,安靜的；安靜；使安靜,2,,
check,n. / v.,檢查；檢驗；核對,1,,
elegant,adj.,雅緻的；優美的；漂亮的,3,,
strong,adj. / adv.,強壯的；強健的；強壯地,1,,
raise,v. / n.,舉起；抬起；加薪,2,,
cause,n. / v.,原因；導致；使發生,1,,
plan,n. / v.,計畫,1,,
slander,n. / v.,誹謗；詆毀；造謠中傷,3,,
firm,adj. / adv. / v.,穩固的；穩固地；使穩固,2,,
hold,v. / n.,握著；持續；保持,1,,
only,adj. / adv. / conjunction,唯一的；僅有的；只,1,,
bind,v. / n.,捆；綁；黏結,3,,
h.,n.,英語字母的第8個字母,1,,
fall,n. / v.,落下,1,,
news,n.,新聞；消息；報導,1,,
handle,n. / v.,柄；把手；觸,2,,
end,n. / v.,末端；結束,1,,
graceful,adj.,優美的；雅緻的；典雅的,3,,
brilliant,adj. / n.,光輝的；多面形鑽石,2,,
decline,v. / n.,下降；下跌；婉拒,2,,
v.,n.,英語字母中的第二十二個字母；小寫為v；表示勝利的符號,1,,
delicate,adj.,脆的；易碎的；嬌貴的,2,,
vast,adj. / n.,廣闊的；浩瀚的；廣大的,2,,
abandon,v. / n.,丟棄；放縱；放任,2,,
obstruct,v.,阻塞；堵塞；妨礙,3,,
complete,adj. / v.,完整的；使齊全,1,,
weak,adj.,弱的；虛弱的；衰弱的,2,,
lead,v. / n.,引導；領路；指導,1,,
get rid of,ph.,擺脫,2,,
form,n. / v.,形狀；形成；成形,1,,
state,n. / v. / adj.,狀況；狀態；陳述,1,,
eliminate,v.,排除；消除；消滅,2,,
place,n. / v.,地方；地點；放置,1,,
deceive,v.,欺騙；蒙蔽；欺詐,3,,
store,v. / n.,貯存；貯藏,1,,
remove,v. / n.,移動；搬開；遷移,2,,
receive,v.,收到；接到,2,,
cut,v. / n.,切；傷口,1,,
follow,v.,跟隨,1,,
move,v. / n.,使移動；搬動；移動,1,,
dark,adj. / n.,暗；黑暗；暗處,1,,
fine,adj. / adv. / v.,美好的；優秀的；細微地,1,,
arrange,v.,整理；作安排；作準備,3,,
manage,v.,管理,2,,
show,v. / n.,顯示；露出；顯現,1,,
rely on,ph.,依靠；信賴,2,,
resist,v. / n.,抵抗；反抗；抗拒,2,,
mind,n. / v.,頭腦；智力；注意,1,,
hide,v. / n.,把……藏起來；隱藏；躲藏,2,,
provoke,v.,對……挑釁；煽動；激怒,3,,
honest,adj.,誠實的；正直的；用正當手段獲得的,2,,
magnificent,adj.,壯麗的；宏偉的；宏大的,2,,
if,conjunction / n.,如果；條件,1,,
admire,v.,欽佩；欣賞；稱讚,3,,
open,adj. / v.,打開的；開,1,,
delay,v. / n.,延緩；拖延；延遲,2,,
vigorous,adj.,精力充沛的；壯健的；強有力的,3,,
select,v. / adj.,選擇；挑選；選拔,2,,
conceal,v.,隱蔽；隱藏；隱瞞,3,,
blame,v. / n.,責備；指責,2,,
block,n. / adj. / v.,塊；大塊的；成批的,2,,
great,adj. / n.,大的；巨大的；偉人們,1,,
distant,adj.,遠的；久遠的；遠離的,2,,
extremely,adv.,極端地；極其；非常,2,,
join,v. / n.,連結；會合；接合點,2,,
face,n. / v.,臉；面孔；面向,1,,
return,v. / n.,回；返回；歸,1,,
mix,v. / n.,使混和；攙和；相混合,2,,
boundary,n.,邊界；分界線；界限,2,,
have,aux. / v. / n.,已經；有；擁有,1,,
reason,n. / v.,理由；原因；動機,1,,
profound,adj. / n.,深深的；深淵,3,,
capture,v. / n.,捕獲；俘獲,2,,
calm,adj. / n.[s / v.,鎮靜的；沉著的；安靜,2,,
rule,n. / v.,規則；規定；章程,2,,
abundant,adj.,大量的；充足的；豐富的,3,,
shout,v. / n.,呼喊；喊叫；高呼,2,,
very,adv. / adj.,非常；很；正是,1,,
remote,adj.,相隔很遠的；遙遠的；偏僻的,2,,
pattern,n. / v.,花樣；圖案；以圖案裝飾,2,,
restrain,v.,抑制；遏制；控制,3,,
peaceful,adj.,平靜的；安寧的；和平的,2,,
level,n. / adj. / v.,水平線；水平的；平的,1,,
beat,v. / n.,打；擊；敲,1,,
scheme,n. / v.,計畫；擬訂計畫,2,,
urgent,adj.,緊急的；急迫的；催逼的,2,,
separate,v.,分隔；分開,2,,
destroy,v.,毀壞；破壞；殺死,2,,
tease,v. / n.,戲弄；逗弄,3,,
answer,n.[c / v.,回答,1,,
all,adj. / adv. / pron.,一切的；所有的；完全地,1,,
clever,adj.,聰明的；伶俐的；靈巧的,2,,
stubborn,adj.,倔強的；頑固的；不聽話的,3,,
fierce,adj.,兇猛的；殘酷的；好鬥的,3,,
intimate,adj. / n.,親密的；熟悉的；至交,2,,
worry,v. / n.,使擔心；使發愁；憂慮,2,,
contain,v.,包含；容納；控制,2,,
anxious,adj.,焦慮的；掛念的；令人焦慮的,2,,
consider,v.,考慮；細想,2,,
seek,v.,尋找,2,,
assist,v. / n.,幫助；協助,2,,
fight,v. / n.,打仗；與……作戰；戰鬥,1,,
border,n. / v.,邊緣；邊沿；形成……的邊,2,,
base,n. / v. / adj.,基；底；基部,1,,
model,n. / v.,模型；雛型；做……的模型,1,,
situation,n.,處境；境遇；形勢,1,,
shake,v. / n.,搖；搖動,2,,
trick,n. / v.,詭計；哄騙,2,,
gentle,adj. / n. / v.,溫和的；出身高貴的人；使溫和,2,,
correct,adj. / v.,正確的；對的；改正,2,,
set up,ph.,擺放或豎起某物；使準備使用,1,,
help,v. / n.,幫助,1,,
guard,n. / v.,哨兵；保衛；防範,2,,
style,n. / v.,風格；作風；稱呼,1,,
disturb,v.,妨礙；打擾,3,,
cheat,v. / n.,欺騙；行騙；騙子,2,,
discuss,v.,討論；商談；論述,2,,
grand,adj. / n.,雄偉的；平臺式鋼琴；大鋼琴,2,,
wash,v. / n.,洗；洗滌；洗手,2,,
urge,v. / n.,催促；極力主張；強烈的慾望,2,,
generous,adj.,慷慨的；大方的；寬宏大量的,2,,
mark,n. / v.,痕跡；做記號於；留下痕跡,1,,
mound,n. / v.,土墩；築牆防衛；積成堆,3,,
extend,v.,延長；延伸；伸展,2,,
straightforward,adj. / adv.,一直向前的；一直向前地,3,,
careless,adj.,粗心的；疏忽的；草率的,3,,
excellent,adj.,出色的；傑出的；優等的,2,,
mean,adj.,吝嗇的；小氣的；卑鄙的,1,,
gossip,n. / v.,閒話；聊天；閒聊,3,,
deep,adj. / adv. / n.,深的；深深地；深處,1,,
still,adv. / adj. / v.,還；仍舊；靜止的,1,,
build,v. / n.,建築；建造；體格,1,,
unexpectedly,adv.,未料到地；意外地,3,,
rare,adj.,稀有的；罕見的；傑出的,2,,
depressed,adj.,沮喪的；消沉的；憂鬱的,2,,
give,v. / n.,給；捐贈；彎曲,1,,
desolate,adj.,荒蕪的；無人煙的；孤寂的,3,,
change,v. / n.,改變；變化,1,,
escape,v. / n.,逃跑；逃避,2,,
proper,adj.,適合的；適當的；恰當的,2,,
skill,n.,技術；技能；技藝,2,,
sign,n. / v.,記號；符號；簽,1,,
rise,v. / n.,上升；使飛起；增加,2,,
meet,v. / n.,遇見；相遇；集會,1,,
start,v. / n.,出發；起程；使開始,1,,
view,n. / v.,視力；觀看,1,,
sharp,adj. / adv. / n.,鋒利的；整；升半音,2,,
long for,ph.,渴望,1,,
hard,adj. / adv.,硬的；堅固的；努力地,1,,
fault,n. / v.,缺點；毛病；缺陷,2,,
approach,v. / n.,接近；靠近,2,,
general,adj. / n.,一般的；普遍的；將軍,1,,
period,n. / adj. / int.,時期；期間；某一時代的,1,,
suitable,adj.,適當的；合適的；適宜的,2,,
now,adv. / conjunction / n.,現在；目前；此刻,1,,
time,n. / v. / adj.,時間；安排……的時間；有關時間的,1,,
fear,n. / v.,害怕；恐懼；畏懼,2,,
leave,v.,離開；離去,1,,
error,n.,錯誤；失誤；差錯,2,,
study,n. / v.,學習；用功,1,,
reject,v.,拒絕；抵制；去除,2,,
manner,n.,方式；方法；態度,2,,
appropriate,adj. / v.,適當的；恰當的；相稱的,2,,
make up,ph.,補足；編造,1,,
crack,v. / n.,使爆裂；使破裂；發出爆裂聲,2,,
bear,v.,支持；承受；承受重量,2,,
neglect,v. / n.,忽視；忽略,3,,
depend on,ph.,確信；堅信；信賴,2,,
vulgar,adj. / n.,粗俗的；庶民；平民百姓,3,,
estimate,v. / n.,估計；估量,2,,
reveal,v. / n.,展現；顯露出；揭示,2,,
discard,n.,拋棄；丟棄；被拋棄的東西,3,,
run away,ph.,逃跑；出走；離家出走,1,,
violent,adj.,激烈的；猛烈的；強烈的,2,,
limit,n. / v.,界線；限制,2,,
lofty,adj.,高聳的；極高的；崇高的,3,,
smooth,adj. / adv. / v.,平滑的；光滑的；光滑地,2,,
strange,adj. / adv.,奇怪的；奇妙的；不可思議的,2,,
press,v. / n.,按；壓；擠,1,,
compile,v.,匯編；編輯；收集,3,,
sad,adj.,悲哀的；令人悲痛的；可悲的,2,,
power,n. / v.,權；政權；給……提供動力,1,,
write,v.,寫下；書寫；寫,1,,
even,adj. / adv. / v.,平的；平坦的；平滑的,1,,
nimble,adj.,靈活的；靈巧的；敏捷的,3,,
promote,v.,晉升；使升級,2,,
solid,adj. / n.,固體的；固體,2,,
match,n. / v.,比賽；競賽；使較量,1,,
prosperous,adj.,興旺的；繁榮的；昌盛的,3,,
force,n. / v.,力；力量；強迫,1,,
about,preposition / adv.,關於；對於；在四周,1,,
explain,v.,解釋,2,,
empty,adj. / v.,空的；使成為空的；成為空的,2,,
lose,v.,失；丟失；喪失,1,,
appear,v.,出現；顯露；似乎,2,,
tie,v. / n.,繫；拴；捆,2,,
money,n.,錢；貨幣；通貨,1,,
establish,v.,建立；設立；創辦,2,,
choose,v.,選擇；挑選,2,,
(tree),n. / v.,樹；把……趕上樹,2,,
harmonious,adj.,調和的；和諧的；協調的,3,,
inspect,v.,檢查；進行檢查,3,,
display,v. / n.,陳列；展覽,2,,
spirit,n. / v.,精神；心靈；使精神振作,2,,
refined,adj.,精煉的；精緻的；優美的,3,,
character,n. / v.,品質；描述,1,,
similar,adj. / n.,相像的；相仿的；類似的,1,,
reduce,v.,減少,2,,
inform,v.,通知；告知；報告,2,,
miss,v. / n.,未擊中；未中,1,,
exhausted,adj.,耗盡的；用完的；精疲力竭的,2,,
stand,v. / n.,站立；站著；使站立,1,,
rank,n. / v.,等級；排列；把……排成行,2,,
mistake,v. / n.,弄錯；誤解；搞錯,2,,
pull,v. / n.,拉；拖；牽,2,,
arrogant,adj.,傲慢的；自大的；自負的,3,,
q,n.,英語字母中的第十七個字母；小寫為q,2,,
dispute,v. / n.,爭論,2,,
connect,v.,連接；連結,2,,
teach,v.,教；講授,2,,
servant,n.,僕人；佣人；僱工,2,,
magnanimous,adj.,寬大的；有雅量的；表現高尚品德的,3,,
despise,v.,鄙視；看不起,3,,
flexible,adj.,可彎曲的；易彎曲的；柔韌的,2,,
ridicule,n. / v.,嘲笑；揶揄；奚落,3,,
sell,v. / n.,賣；銷售；出售,2,,
dawn,n. / v.,黎明；拂曉；破曉,2,,
relaxed,adj.,鬆懈的；放鬆的；隨意的,2,,
screen,n. / v.,屏；掩蔽；上銀幕,2,,
section,n. / v.,切下的部分；片；塊,2,,
tell,v.,告訴；講述,1,,
grant,v. / n.,同意；准予；授予物,2,,
rush,v. / n.,衝；奔；闖,2,,
hole,n. / v.,洞；鑿洞於；穿孔於,2,,
boast,v. / n.,自吹自擂；自吹自擂說；吹噓,3,,
careful,adj.,仔細的；小心的；周到的,2,,
advance,v. / n.,使向前移動；前進,2,,
common,adj. / n.,普通的；公共用地；公有地,1,,
serious,adj.,嚴重的；危急的；令人擔心的,1,,
link,n. / v.,環；節；連接,2,,
develop,v.,使成長；生長,2,,
plunder,v. / n.,掠奪；劫掠；搶劫,3,,
village,n.,村莊；村；村民,2,,
dust,n. / v.,灰塵；塵土；除去……的灰塵,2,,
head,n. / v.,頭；作為……的首領；成頭狀物,1,,
carve,v.,刻；雕刻；做雕刻工作,3,,
thick,adj. / adv. / n.,厚的；厚厚地；厚的部分,2,,
increase,v.,增大,1,,
guide,n. / v.,嚮導；導遊；為……領路,2,,
visit,v. / n.,參觀,1,,
distressed,adj.,痛苦的；憂傷的；賤賣的,3,,
copy,n. / v.,抄本；副本；抄寫,2,,
send,v.,發送；寄；差使,1,,
hate,v. / n.,仇恨；憎恨,1,,
repeatedly,adv.,一再；再三；多次,2,,
leisurely,adj. / adv.,從容不迫的；悠閒的；慢慢的,3,,
look,v. / n.,看；留心；注意,1,,
work,n. / v.,工作；勞動；幹活,1,,
accumulate,v.,累積；積聚；積成堆,3,,
good,adj. / n.,好的；令人滿意的；利益,1,,
clean,adj. / v.,清潔的；把……弄乾淨；去除……的汙垢,2,,
completely,adv.,完整地；完全地；徹底地,2,,
side,n. / adj. / v.,邊；旁邊的；邊上的,1,,
incite,v.,激勵；激起；煽動,3,,
reply,v. / n.,回答；答覆,2,,
worried,adj.,擔心的；發愁的；worry的動詞過去式、過去分詞,2,,
top,n. / adj. / v.,頂部；頂的；蓋,1,,
expose,v.,使暴露於；使接觸到；揭露,3,,
protect,v.,保護；防護,2,,
exchange,v. / n.,交換,2,,
publish,v.,出版；發行,2,,
use,v.,用；使用；過去慣常,1,,
obscure,adj. / v.,暗的；黑暗的；使變暗,3,,
master,n. / a.[z / v.,大師；能手；名家,2,,
numerous,adj.,許多的；很多的；為數眾多的,2,,
seal,n. / v.,印章；圖章；印信,2,,
whole,adj. / n.,全部的；全體的；所有的,1,,
defend,v.,防禦,2,,
cruel,adj.,殘忍的；殘酷的；令人痛苦的,2,,
food,n.,食物；食品；食糧,1,,
burn,v. / n.,發熱；燒毀；燒傷,2,,
cook,v. / n.,烹調；煮；做菜,2,,
ignore,v.,不顧；不理會；忽視,2,,
tired,adj.,疲倦的；厭倦的；厭煩的,2,,
thus,adv.,如此；這樣；以此方式,2,,
distribute,v.,分發；分配；散布,3,,
fool,n. / v.,蠢人；傻瓜；愚弄,2,,
equal,adj. / n. / v.,相等的；相同的人；等於,2,,
share,n. / v.,一份；份兒；均分,1,,
assemble,v.,集合；召集；聚集,3,,
child,n.,小孩；兒童；幼兒,1,,
rich,adj.,有錢的；富有的；富於……的,2,,
soft,adj. / adv. / n.,柔軟的；柔軟地；柔性,2,,
bend,v. / n.,使彎曲；折彎；彎曲,2,,
dispatch,v. / n.,派遣；發送,3,,
drop,n. / v.,滴；使滴下；滴下,2,,
majestic,adj.,雄偉的；威嚴的；崇高的,3,,
severe,adj.,嚴重的；劇烈的；凜冽的,2,,
many,adj. / pron.,許多的；多的；許多人,1,,
consult,v.,與……商量；商議；磋商,3,,
light,n. / v.,光；點；點著,1,,
sense,n. / v.,感官；感覺到；意識到,1,,
understand,v.,理解,1,,
upright,adj. / adv. / n.,挺直的；筆直的；挺直地,3,,
group,n. / v.,群；把……分組；聚集,1,,
j.,n.,英語字母的第十個字母,2,,
dense,adj.,密集的；稠密的；濃厚的,3,,
in order to,ph.,為了…,1,,
flatter,v.,諂媚；奉承；使高興,3,,
admonish,vt.[,告誡；警告；提醒,3,,
blend,v. / n.,使混和；使混雜；混和,3,,
chat,v. / n.,閒談；聊天；與……攀談,2,,
warm,adj. / v.,溫暖的；暖和的；使暖和,2,,
suffer,v.,遭受；受苦,2,,
taste,n. / v.,味覺；嚐；辨,2,,
hinder,v.,妨礙；起阻礙作用,3,,
just,adv. / adj.,正好；恰好；正義的,1,,
standard,n. / adj.,標準；水準；標準的,1,,
die out,ph.,死光；滅絕；絕跡,1,,
brave,adj. / n. / v.,勇敢的；英勇的；勇士,2,,
know,v.,知道,1,,
remainder,n. / adj. / v.,剩餘物；剩餘的；削價出售,2,,
plain,adj. / adv. / n.,簡樸的；完全地；平原,2,,
grow,v.,成長；生長；種植,2,,
flood,n. / v.,洪水；水災；淹沒,2,,
father,n. / v.,父親；父；做……的父親,1,,
trace,n. / v.,痕跡；跟蹤；沿著路走,2,,
always,adv.,總是；經常；永遠,1,,
hesitate,v.,躊躇；有疑慮；不願意,3,,
defeat,v. / n.,戰勝；擊敗；失敗,2,,
young,adj. / n.,年輕的；青年們,1,,
intention,n.,意圖；意向；目的,2,,
alone,adj. / adv.,單獨的；獨自的；單獨地,1,,
favor,n. / v.,幫助；支持；擁護,2,,
injure,v.,傷害；損害；毀壞,3,,
initiate,adj. / n.,接受初步知識的；接受初步知識者,3,,
attack,v. / n.,進攻；襲擊；攻擊,1,,
denounce,v.,指責；譴責；告發,3,,
save,v. / n.,救；挽救；儲蓄,1,,
postpone,v.,使延期；延遲；延緩,3,,
forgive,v.,原諒；寬恕；豁免,2,,
inferior,adj. / n.,低等的；低於他人者,3,,
faint,adj. / v. / n.,頭暈的；行將昏厥的；昏厥,3,,
boil,v. / n.,沸騰；開；滾,3,,
indistinct,adj.,不清楚的；模糊的；微弱的,3,,
arrest,v. / n.[u,逮捕,2,,
benefit,n. / v.,利益；好處；對……有益,2,,
quarrel,n. / v.,爭吵；不和,3,,
walk,v. / n.,走；走過；走遍,1,,
scold,v. / n.,罵；責罵；叱責,3,,
jump,v. / n.,跳；跳過；越過,2,,
intelligent,adj.,有才智的；聰明的；明智的,2,,
fake,v. / n.,偽造；假裝；冒牌貨,2,,
punish,v.,罰；懲罰；處罰,3,,
profit,n. / v.,利潤；盈利；有益於,2,,
ignorant,adj.,無知的；不學無術的；沒有受教育的,2,,
agile,adj.,輕快的；敏捷的；機敏的,3,,
look after,ph.,照顧；照看；目送,1,,
full,adj. / adv. / n.,滿的；直接地；充分,1,,
pretend,v. / adj.,佯裝；假裝；假裝的,2,,
hidden,adj.,隱藏的；隱祕的；hide的動詞過去分詞,2,,
carry,v. / n.,挑；抱；背,2,,
bury,v.,埋葬；安葬；埋藏,3,,
imitate,v.,模仿；以……做為範例；仿效,3,,
allow,v.,允許；准許；容許,1,,
replace,v.,把……放回；取代；以……代替,2,,
produce,v.,生產；出產,2,,
ordinary,adj. / n.,通常的；平常的；尋常,2,,
like,preposition / n. / adj.,像；如；同樣的人,1,,
rock,n.,岩；岩石；磐石,1,,
fair,adj. / adv. / n.,公正的；公平地；公正地,2,,
filthy,adj.,不潔的；汙穢的；骯髒的,3,,
really,adv.,真地；確實；實際上,1,,
idea,n.,主意；打算；計畫,1,,
finish,v. / n.,結束；終止,2,,
strike,v. / n.,打；擊；攻擊,2,,
certainly,adv.,無疑地；必定；確實,2,,
branch,n. / v.,樹枝；出枝,2,,
comment,n. / v.,註釋；評註；做註解,2,,
foundation,n.,建立；創辦；基礎,2,,
hand over,ph.,把控制權或所有權交給別人；把交出來給別人,1,,
white,adj. / n.,白色的；白色,1,,
origin,n.,起源；由來；起因,2,,
stick,n. / v.,枝條；刺；黏住,2,,
transfer,vt.[ / vi.[,搬；搬遷；轉移,2,,
black,adj. / n. / v.,黑色的；黑色；使變成黑色,1,,
strength,n.,力；力量；力氣,2,,
poor,adj.,貧窮的；貧困的；粗劣的,1,,
cautious,adj.,十分小心的；謹慎的,3,,
transmit,v.,傳送；傳達；播送信號,3,,
position,n. / v.,位置；地點；方位,1,,
mock,v. / n.,嘲弄；嘲笑；愚弄,3,,
high,adj. / adv. / n.,高的；高；向高處,1,,
dirty,adj. / v.,髒的；汙穢的；弄髒,2,,
path,n.,小徑；小路；通路,2,,
deliberate,adj. / v.,深思熟慮的；慎重的；謹慎的,3,,
cleanse,v.,使清潔；清洗；使純淨,3,,
maintain,v.,維持；保持；使繼續,2,,
so,adv. / conjunction / int.,這麼；那麼；因此,1,,
spy,n. / v.,間諜；當間諜；暗中監視,2,,
noise,n. / v.,聲響；紛紛傳說,2,,
take,v. / n.,拿；取；被吸收,1,,
calculate,v.,計算,3,,
stingy,adj.,吝嗇的；小氣的；缺乏的,3,,
figure,n. / v.,外形；計算；出現,1,,
robust,adj.,強健的；茁壯的；健全的,3,,
turn,v. / n.,使轉動；使旋轉；轉動,1,,
big,adj. / adv.,大的；巨大的；大量地,1,,
issue,v. / n.,發行；出來；問題,1,,
kill,v. / n.,殺死；獵獲物,1,,
play,v. / n.,玩耍；演奏；遊戲,1,,
indifferent,adj.,不感興趣的；不關心的；冷淡的,3,,
present,adj. / n.,出席的；在場的；現在,1,,
criticize,v.,批評,3,,
book,n. / v.,書；書本；書籍,1,,
command,v. / n.,命令；指揮,2,,
survey,v. / n.,俯視；眺望；環視,2,,
restrict,v.,限制；限定；約束,3,,
accept,v.,接受；領受,2,,
pure,adj.,純粹的；不攙雜的；道地的,2,,
withdraw,v.,抽回；撤退,2,,
reputation,n.[u,名譽；名聲；好名聲,2,,
extravagant,adj.,奢侈的；浪費的；放肆的,3,,
indignant,adj.,憤怒的；憤慨的,3,,
speak,v.,說話；講話；說,1,,
secret,adj. / n.,祕密的；機密的；祕密,2,,
sack,n. / v.,袋；裝……入袋；上床,3,,
dejected,adj.,沮喪的；情緒低落的；氣餒的,3,,
nonsense,n. / int.,胡說；胡說！廢話！,2,,
add,v.,添加；增加,1,,
residence,n.,居住；合法居住資格；住所,2,,
grade,n. / v.,等級；將……分等級；分等級,2,,
disperse,v.,驅散；解散；分散,3,,
warn,v.,警告；發出警告,2,,
first,adj. / n. / adv.,第一的；第一；先,1,,
even if,ph.,即使,1,,
humble,adj. / v.,謙遜的；使謙卑,2,,
judge,v. / n.,審判；法官；推事,2,,
record,n. / adj.,記錄；記載；空前的,1,,
shine,v. / n.,發光；把……的光投向；把……照向,2,,
what?,pron. / adj. / adv.,什麼；在哪一方面,1,,
steal,v. / n.,偷；竊取；偷東西,2,,
obstinate,adj.,頑固的；固執的；頑強的,3,,
letter,n. / v.,信；函件；在……上寫字母,2,,
gloomy,adj.,陰暗的；陰沉的；陰鬱的,3,,
deal with,ph.,與...相關；關於；對待,1,,
hollow,adj. / adv. / n.,空的；中空的；空洞地,3,,
decorate,v.,裝飾；修飾；布置,3,,
example,n.,例子；樣本；樣品,1,,
tip,v. / n.,輕擊；踮著腳走；小費,2,,
deliver,v.,投遞,2,,
pond,n. / v.,池塘；堵河成湖；形成池塘,3,,
public,adj. / n.,公眾的；公眾；民眾,1,,
compose,v.,作；作詩；作曲,3,,
original,adj. / n.,最初的；本來的；原物,1,,
release,v. / n.,釋放；解放,1,,
frame,n. / v.,架構；骨架；給……裝框子,2,,
whisper,v. / n.,低語；耳語；低聲說出,3,,
yield,v. / n.,出產；產量,2,,
indeed,adv. / int.,真正地；確實；實在,2,,
feast,n. / v.,盛宴；筵席；盛宴款待,3,,
gallop,n. / v.,疾馳；飛跑；使疾馳,3,,
tone,n. / v.,音；音色；音調,2,,
reach,v. / n.,抵達；到達；伸出手,2,,
field,n. / v.,原野；接；擔任外野手,1,,
rough,adj. / adv. / n.,粗糙的；粗糙地；粗略地,2,,
flee,v.,逃；逃走；逃離,3,,
cave,n. / v.,洞穴；洞窟；在……挖洞穴,2,,
embarrassed,adj.,窘的；尷尬的；embarrass的動詞過去式、過去分詞,2,,
surpass,v.,勝過；優於；大於,3,,
frequently,adv.,頻繁地；屢次地,2,,
age,n. / v.,年齡；變老；使變老,1,,
desire,v. / n.,渴望；慾望,2,,
roll,v. / n.,滾動；使滾動,2,,
engrave,v.,雕刻；刻；將……銘記,3,,
smear,v. / n.,塗抹；被弄髒；汙跡,3,,
rash,adj.,草率從事的；輕率的；急躁的,3,,
excessive,adj.,過度的；過分的；極度的,2,,
demon,n.,惡魔；惡鬼；惡人,2,,
inflexible,adj.,不可彎曲的；剛硬的；不屈不撓的,3,,
expel,vt.[,驅逐；趕走；排出,3,,
charge,v. / n.,索價；費用；價錢,1,,
split,v. / n.,劈開；被劈開；被切開,2,,
awkward,adj.,笨拙的；不熟練的；不靈巧的,2,,
powerful,adj. / adv.,強有力的；強大的；很,2,,
fit,v. / adj.,合……身；合身；適合的,2,,
unique,adj. / n.,唯一的；獨一無二的；獨一無二的人,2,,
see,v.,看見；看到；看,1,,
smart,adj. / v. / n.,漂亮的；引起劇痛；劇痛,2,,
direct,v. / adj.,將指向；指導；指揮,2,,
at present,ph.,目前；現在,1,,
provide,v.,提供；撫養；贍養,1,,
love,n. / v.,愛；熱愛,1,,
silent,adj. / n.,沉默的；無聲電影,2,,
concubine,n.,妾；姘婦,3,,
local,adj. / n.,地方性的；當地居民；本地人,1,,
(gem),n. / v.,寶石；用寶石鑲嵌,3,,
sway,v. / n.,搖動；搖擺；使搖擺,3,,
pass away,ph.,終止；停止；去世,2,,
look forward to,ph.,盼望,1,,
practice,n. / v.,實行；實施；實踐,1,,
meticulous,adj.,過分精細的；小心翼翼的；嚴密的,3,,
expert,n. / adj.,專家；熟練的；老練的,2,,
luxuriant,adj.,繁茂的；濃密的；肥沃的,3,,
difficult,adj.,需要精力或技術的；困難的；難相處的,1,,
how,adv. / conjunction / n.,怎樣；怎麼；用於間接陳述中,1,,
hit,v. / n.,打；打擊,1,,
insult,v.,侮辱；羞辱；辱罵,3,,
repair,v. / n.,修理,2,,
narrow,adj. / v.,狹的；狹窄的；使變窄,2,,
grieved,adj.,傷心的；悲痛的；grieve的動詞過去式、過去分詞,3,,
angry,adj.,發怒的；生氣的；因為……而生氣,2,,
avoid,v.,避開；躲開；避免,2,,
class,n. / v.,階級；把……分類,1,,
tremble,v. / n.,發抖；震顫,3,,
throat,n.,咽喉；喉嚨；喉頭,2,,
ability,n.,能力；能耐；才能,2,,
quick,adj. / adv. / n.[t,快的；迅速的；快,2,,
weed,n. / v.,雜草；除掉；除雜草,2,,
wide,adj. / adv. / n.,寬闊的；張得很大地；大千世界,2,,
grasp,v. / n.,抓牢；抓；緊握,3,,
in a flash,ph.,很快；立刻；立即,2,,
accompany,v.,陪同；伴隨；伴奏,3,,
mist,n. / v.,薄霧；靄；下霧,3,,
extract,vt.[,用力取出；使勁拔出；抽出,2,,
sorrowful,adj.,悲傷的；傷心的；令人傷心的,3,,
outline,n. / v.,外形；畫出……的輪廓；畫……的略圖,3,,
revere,v.,尊敬；崇敬；敬畏,3,,
pleased,adj.,高興的；喜歡的；滿意的,2,,
distinguish,v.,區別,3,,
recover,v.,重新獲得；恢復健康,2,,
impatient,adj.,無耐心的；不耐煩的；無法忍受的,3,,
uneven,adj.,不平坦的；崎嶇的；參差不齊的,3,,
break,v. / n.,打破；破碎；破損,1,,
everywhere,adv. / n.,到處；處處；每個地方,2,,
mother,n. / v.,母親；像母親一般地照料,1,,
abuse,n.,濫用；妄用；辱罵,2,,
cut off,ph.,切除；切斷；中斷,1,,
esteem,n. / v.,尊重；尊敬,3,,
train,n. / v.,列車；火車；訓練,2,,
shift,v. / n.,轉移；轉換,2,,
plow,n. / v.,犁；耕；犁地,3,,
prostitute,n. / v.,娼妓；使賣淫,3,,
boundless,adj.,無窮的；無限的,3,,
regret,v. / n.,懊悔；感到後悔；悔恨,2,,
essence,n.,本質；實質；要素,2,,
pass through,ph.,通過；穿過；經歷,2,,
suffering,n. / adj.,痛苦；苦惱；受苦的,2,,
float,v. / n.,浮；使浮起；飄遊物,3,,
FALSE,adj.,不正確的；謬誤的；不真實的,2,,
coarse,adj.,粗的；粗糙的；供做粗活用的,3,,
massacre,n. / v.,大屠殺；殘殺；屠殺,3,,
reckless,adj.,不注意的；不在乎的；魯莽的,3,,
subject,n. / adj.,主題；易受……的,2,,
attend to,ph.,注意；致力於；關心,2,,
splendid,adj.,有光彩的；燦爛的；壯麗的,3,,
bandit,n.,強盜；土匪；惡棍,3,,
pay,v. / n.,付；支付；付款,1,,
touch,v. / n.,接觸；碰到；觸覺,2,,
yet,adv. / conjunction,還；可是；卻,1,,
transform,vt.[ / v.,使改變；改變,2,,
interrogate,v.,審問,3,,
spread out,ph.,使離開其他人或散開,2,,
take care of,ph.,照顧；留意；處理,1,,
stay,v. / n.,停留；阻止；逗留,1,,
ashamed,adj.,羞愧的；感到難為情的；恥於……的,2,,
lament,v. / n.,哀悼；悲痛；為……悲痛,3,,
next,adj. / adv. / preposition,緊鄰的；貼近的；接下去,1,,
file,n. / v.,文件夾；公文箱；把……歸檔,2,,
fence,n. / v.,柵欄；擊劍；把……用柵圍起來,2,,
guarantee,n. / v.,保證,2,,
law,n.,法；法律；法規,1,,
reliable,adj.,可信賴的；可靠的；確實的,2,,
embrace,v. / n.,擁抱,2,,
superficial,adj.,表面的；外表的；面的,3,,
keep,v. / n.,持有；保有；保持著某一狀態,1,,
type,n. / v.,類型；型式；樣式,1,,
y,n.,英語字母中的第二十五個字母；小寫為y,1,,
respond,v. / n.,作答；回答；以……回答,2,,
business,n.,職業；日常工作；生意,1,,
charm,n. / v.,魅力；使陶醉；施魔法,2,,
rigid,adj.,堅硬的；堅固的；不易彎曲的,3,,
defect,n. / v.,缺點；缺陷；不足之處,3,,
hurried,adj.,倉促的；匆忙的；草率的,3,,
surround,v. / n.,圍；圍繞；圍繞物,3,,
glorious,adj.,光榮的；榮耀的；輝煌的,2,,
damage,n. / v.,損害；毀壞,2,,
comply with,ph.,遵守,2,,
involve,v.,使捲入；連累；牽涉,2,,
stamp,n. / v.,郵票；貼郵票於；跺腳,2,,
treasure,n. / v.,金銀財寶；財富；珍愛,2,,
old,adj. / n.,老的；上了年紀的；古時,1,,
reward,n. / v.,報答；報償,2,,
recruit,v. / n.,徵募；招募新兵；新兵,3,,
almost,adv.,幾乎；差不多,1,,
gorgeous,adj.,燦爛的；華麗的；豪華的,2,,
suppress,v.,鎮壓；平定；壓制,3,,
immediately,adv. / conjunction,直接地；一……,2,,
banquet,n. / v.,宴會；盛宴；參加宴會,3,,
blunt,adj. / v.,鈍的；不鋒利的；使鈍,3,,
show off,ph.,賣弄；炫耀,1,,
overlook,v.,眺望；俯瞰；看漏,3,,
pacify,v.,使平靜；使安靜；撫慰,3,,
pick,v. / n.,挑選；選擇；挖,1,,
idiot,n.,白痴；傻瓜；笨蛋,2,,
picture,n. / v.,畫；想像,1,,
lift,v. / n.,舉起；被提起；提,2,,
do,v. / n.,做；幹；製作,1,,
unrestrained,adj.,無限制的；過度的；無拘束的,3,,
foolish,adj.,愚蠢的；傻的；荒謬的,3,,
search,v. / n.,搜查；搜尋,2,,
part,n. / v.,一部分；部分；使分開,1,,
irregular,adj. / n.,不規則的；無規律的；不規則物,3,,
degenerate,adj. / n.,衰退的；墮落者,3,,
innumerable,adj.,無數的；數不清的,3,,
kind,n. / adj.,種類；親切的,1,,
summary,adj. / n.,概括的；扼要的；總結,2,,
simple,adj. / n.,簡單的；簡易的；簡明的,1,,
tiny,adj.,極小的；微小的,2,,
prepare,v.,準備；預備,2,,
relax,v.,使鬆弛；使鬆懈；放鬆,2,,
double,adj. / adv. / n.,兩倍的；雙倍地；兩倍,1,,
gap,n. / v.,豁口；裂口；缺口,2,,
draw,v. / n.,劃；畫；繪製,2,,
rescue,v. / n.,援救,2,,
tranquil,adj.,平靜的；安靜的；安寧的,3,,
trouble,n. / v.,煩惱；使煩惱,2,,
drive,n. / v.,駕車旅行；駕駛；開車,1,,
(jade),n. / v.,瘦馬；使疲倦不堪；變得疲倦不堪,3,,
interest,n. / v.,興趣；使發生興趣,1,,
in addition,ph.,此外,1,,
cultivate,v.,耕種；耕作；栽培,3,,
pioneer,n. / v.,拓荒者；開闢；倡導,3,,
cover up,ph.,蓋住；遮住；裹住,1,,
former,a.[z,從前的；早前的；舊時的,1,,
promise,n. / v.,承諾；諾言；允諾,2,,
slow,adj. / adv. / v.,慢的；緩緩的；慢慢地,2,,
experience,n. / v.,經驗；體驗；經歷,1,,
contract,v.,締結；訂契約,2,,
large,adj. / adv. / n.,大的；寬大的；大,1,,
frivolous,adj.,輕薄的；輕佻的；無聊的,3,,
draft,n. / v.,草稿；草圖；起草,2,,
announce,v.,宣布；發布；當播音員,2,,
violate,v.,違犯；違背；違反,3,,
component,n. / adj.,構成要素；組成的,2,,
continuous,adj.,連續的；不斷的,2,,
mood,n.,心情；心境；情緒,2,,
shield,n. / v.,盾；保護；防禦,2,,
easy,adj. / adv.,容易的；不費力地,1,,
usually,adv.,通常地；慣常地,1,,
fix,v. / n.,使固定；固定；困境,2,,
lonely,adj.,孤獨的；單獨的；寂寞的,2,,
drizzle,v. / n.,下毛毛雨；毛毛雨,3,,
crafty,adj.,狡猾的；詭計多端的；奸詐的,3,,
surplus,n. / adj.,過剩；過剩的；剩餘的,3,,
pit,n. / v.,窪坑；凹處；使成凹,2,,
must,aux. / n. / adj.,必須；得；必須做的事,1,,
frightened,adj.,受驚的；害怕的,3,,
grave,n. / v.,墓穴；雕刻,2,,
rather,adv.,相當；頗；有點兒,1,,
valley,n.,山谷；溪谷；流域,2,,
possess,v.,擁有；持有；具有,2,,
muddy,adj. / v.,多爛泥的；使沾上爛泥；變得泥濘,3,,
harm,n. / v.,損傷；傷害；損害,2,,
title,n. / v.,標題；題目；加標題於,1,,
melancholy,n. / adj.,憂鬱；憂鬱的；鬱悶的,3,,
ignite,v.,點燃；使燃燒；著火,3,,
cliff,n.,懸崖；峭壁,2,,
later,adj. / adv.,較晚的；更晚的；較晚地,1,,
call,v. / n.,叫喊；呼叫；喊叫,1,,
squander,v. / n.,浪費；揮霍,3,,
recognize,v.,認出；識別；承認,2,,
drain,v. / n.,排出；流掉；漸漸枯竭,2,,
fast,adj. / adv.,快的；快；迅速,1,,
office,n.,辦公室；營業處；所,1,,
discharge,v. / n.,排出；排出液體；流出,3,,
ugly,adj.,醜的；難看的；可怕的,2,,
dismiss,v.,讓……離開；把……打發走；解散,3,,
en,pref.,表示使；使成為；使處於……狀態,2,,
straight,adj. / adv. / n.,筆直的；直；挺直地,1,,
defraud,v.,詐取；詐騙；進行詐騙,3,,
debate,n. / v.,辯論；討論；爭論,2,,
predict,v.,預言；作預言,2,,
give up,ph.,讓出；放棄,1,,
amateur,n. / adj.,業餘從事者；業餘的,2,,
respectful,adj.,恭敬的；尊敬人的；尊重人的,3,,
dredge,n. / v.,疏浚機；疏浚,3,,
unprecedented,adj.,史無前例的；無先例的；空前的,3,,
woman,n. / adj.,成年女子；婦女；女人,1,,
knowledge,n.,知識；學識；學問,2,,
thing,n.,物；東西；事物,1,,
negligent,adj.,疏忽的；粗心的；隨便的,3,,
omen,n. / v.,預兆；兆頭；預示,3,,
assess,v.,估定的價值；確定的金額,2,,
grasshopper,n. / v.,蚱蜢；蚱蜢似地跳,3,,
argument,n.,爭執；爭吵；辯論,2,,
suck,v. / n.,吸；吮；啜,2,,
harsh,adj.,粗糙的；刺耳的；澀口的,2,,
murder,n. / v.,謀殺；兇殺；殺人,2,,
vow,n. / v.,誓；誓言；誓約,3,,
assistant,n. / adj.,助手；助理；助理的,2,,
opportunity,n.,機會；良機,2,,
sum up,ph.,形成看法；總結；歸納證詞或雙方論點,2,,
express,v. / n. / adj.,表達；陳述；快車,2,,
narrow-minded,adj.,胸襟狹窄的；有偏見的；氣量小的,3,,
improper,adj.,不合適的；不適當的；不合標準的,3,,
alter,v.,改變；變樣,2,,
cure,v. / n.,治癒；起治療作用；治療,2,,
chief,n. / a.[b,首領；等級最高的；為首的,1,,
under,preposition / adv. / adj.,在……下面；在……下方；在下面,1,,
coil,v. / n.,捲；盤繞；成圈狀,3,,
submerge,v.,把……浸入水中；淹沒；潛入水中,3,,
appreciate,v.,欣賞；賞識；增值,2,,
sob,v. / n.,嗚咽；哭訴；嗚咽地說,3,,
disgrace,n. / v.,丟臉；恥辱；不光彩,3,,
sly,adj.,狡猾的；狡詐的；詭祕的,3,,
winding,n. / adj.,繞；捲繞；捲繞的,3,,
agent,n.,代理人；代理商；仲介人,2,,
assign,v. / n.,分配；分派；受讓人,3,,
cord,n. / v.,細繩；粗線；索,3,,
x,n.,英語字母中的第二十四個字母；小寫為x；未知之物,1,,
convenient,adj.,合宜的；方便的；便利的,2,,
timely,adj. / adv.,及時的；及時地,3,,
encircle,v.,環繞；包圍；繞行,3,,
fantastic,adj.,想像中的；想像出來的；奇異的,2,,
a little,ph.,一點,1,,
proud,adj.,驕傲的；有自尊心的；傲慢的,2,,
whip,v. / n.,鞭笞；抽打；鞭子,2,,
port,n.,舷窗；艙口,2,,
fragrant,adj.,香的；芳香的,3,,
wrong,adj. / adv. / n.,錯誤的；不對的；錯誤地,1,,
continue,v.,繼續；持續；使繼續,1,,
delighted,adj.,高興的；快樂的；delight的動詞過去式、過去分詞,2,,
oppose,v.,反對,3,,
pretext,n.,藉口；託辭,3,,
sleep,v. / n.,睡；睡覺；睡眠,1,,
shadow,n. / v.,蔭；投陰影於；漸變,2,,
pile up,ph.,增多；積累；互相碰撞,2,,
fearful,adj.,可怕的；害怕的；擔心的,3,,
detect,v.,發現；察覺；查出,2,,
down,adv. / adj. / preposition,向下；情緒低落；消沉,1,,
speculate,v.,思索；推測；推斷,3,,
journey,n. / v.,旅行,2,,
farm,n. / v.,農場；耕作；種田,2,,
bestow,v.,把……贈與；把……給與；使用,3,,
understanding,n. / adj.,了解；了解的,2,,
basket,n.,籃；簍；筐,2,,
peak,n. / v.,山頂；山峰；使尖起,2,,
crush,v. / n.,壓碎；壓壞；被壓碎,2,,
long,adj. / adv. / n.,長的；長久地；長時間,1,,
ridiculous,adj.,可笑的；荒謬的；滑稽的,2,,
limp,v. / n.,一瘸一拐地走；跛行,3,,
invite,v.,邀請；招待；請求,2,,
opposite,adj. / n. / preposition,相反的；對立的；對立面,2,,
proposal,n.,提出；建議；提議,2,,
troublesome,adj.,令人煩惱的；討厭的；麻煩的,3,,
annoying,adj.,討厭的；惱人的；使人煩惱的,2,,
result,v. / n.,發生；產生；結果,1,,
lame,adj. / v.,跛腳的；瘸的；使跛腳,3,,
oneself,pron.,自己；自身；親自,3,,
bleak,adj.,荒涼的；無遮蔽的；遭受風吹雨打的,3,,
stuff,n. / v.,材料；原料；裝,1,,
absent-minded,adj.,心不在焉的；茫茫然的；健忘的,3,,
nearby,adj. / adv.,附近的；在附近,2,,
harmonize,v.,協調；和諧；使協調,3,,
anger,n. / v.,怒；生氣；使發怒,2,,
scratch,v. / n.,抓；刮痕,2,,
forecast,v. / n.,預測；預報；作預測,2,,
be called,ph.,被召任某種職務,1,,
foresight,n.,遠見；先見之明；深謀遠慮,3,,
delete,v.,刪除；劃掉；擦去,2,,
store up,ph.,收藏,2,,
temperament,n.,氣質；性情；性格,3,,
lower,adj. / v.,較低的；放下；降下,1,,
throw,v. / n.,投；擲；拋,2,,
bustling,adj.,活躍的；奔忙的；忙亂的,3,,
exactly,adv.,確切地；精確地；完全地,1,,
take the lead,ph.,帶頭,1,,
duty,n.,責任；義務；本分,2,,
full moon,ph.,滿月,2,,
heroic,adj.,英雄的；英勇的；記敘英雄及其事跡的,3,,
aspiration,n.,熱望；志向；抱負,3,,
relay,n. / v.,接替；分程傳遞,3,,
thanks to,ph.,由於；託...福；幸虧,1,,
consume,v.,消耗；花費；耗盡生命,3,,
sentence,n. / v.,句子；宣判,2,,
entice,v.,誘使；慫恿,3,,
hoodlum,n.,無賴；流氓,3,,
moon,n. / v.,月球；閒蕩；虛度,2,,
clamp,n. / v.,螺絲鉗；鐵箍；夾鉗,3,,
stain,v. / n.,沾汙；染汙；變髒,3,,
supply,v. / n.,供給；供應；提供,2,,
roof,n. / v.,屋頂；給……蓋屋頂；覆蓋,2,,
decay,v. / n.,腐朽；腐爛；使腐朽,3,,
summit,n. / adj.,尖峰；峰頂；最高級的,2,,
perfect,adj. / n. / v.,完美的；完成式；使完美,1,,
bathe,v. / n.,把……浸入；浸洗；洗澡,3,,
pleasant,adj.,令人愉快的；舒適的；討人喜歡的,2,,
equipment,n.,配備；裝備；設備,2,,
induce,v.,引誘；勸；引起,3,,
modest,adj.,謙虛的；審慎的；端莊的,2,,
grievance,n.,不滿；不平；抱怨,3,,
system,n.,體系；系統；制度,1,,
broad,adj. / adv. / n.,寬的；闊的；寬闊地,2,,
dominate,v.,支配；統治；控制,3,,
but,conjunction / preposition / adv.,但是；除……以外；只,1,,
continuously,adv.,連續不斷地；接連地,3,,
land,n. / v.,陸地；使登陸；登陸,1,,
gluttonous,adj.,貪吃的；饕餮的；入迷的,3,,
yell,v. / n.,叫喊；叫喊著說；大聲嚷道,3,,
roar,v. / n.,吼叫；呼喊；吼,3,,
teacher,n.,老師；教師,2,,
count,v. / n.,計算；數；計數,2,,
acne,n.,痤瘡；粉刺；面皰,3,,
uniform,adj. / n. / v.,相同的；一致的；制服,2,,
spray,n. / v.,浪花；水花；飛沫,2,,
board,n. / v.,木板；用木板覆蓋；搭伙,1,,
pull out,ph.,退出；駛出；拔出,2,,
person,n.,人；傢伙；身體,1,,
giddy,adj. / v.,暈眩的；眼花的；使暈眩,3,,
mate,n. / v.,同伴；伙伴；使成配偶,2,,
altogether,adv. / n.,完全；全然；整個,2,,
trap,n. / v.,陷阱；羅網；捕捉器,2,,
desert,v.,從……開小差；逃跑,2,,
strengthen,v.,加強；變強大,2,,
balance,n. / v.,平衡；均衡；使平衡,2,,
exhibit,v. / n.,展示；陳列；舉辦展示會,2,,
hasty,adj.,匆忙的；急忙的；倉促的,3,,
everything,pron.,每件事；事事；一切事物,1,,
family,n.,家；家庭；家人,1,,
resolute,adj. / n.,堅決的；堅定的；堅定的人,3,,
wheel,n. / v.,輪子；車輪；滾動,2,,
interpret,v.,解釋；說明；詮釋,3,,
trip,n. / v.,旅行；絆；絆倒,2,,
entrust,v.,信託；委託；託管,3,,
stare,v. / n.,盯；凝視；注視,3,,
defecate,v.,澄清濾淨；澄清,3,,
disturbance,n.[u,擾亂；打擾；騷擾,3,,
switch,n. / v.,開關；電閘；電鍵,2,,
extreme,adj. / n.,末端的；盡頭的；極端,2,,
pursue,v.,追趕,2,,
harmony,n.,和睦；融洽；一致,2,,
some,adj. / pron. / adv.,某一；某個；一些,1,,
process,n. / adj. / v.,過程；進程；經過特殊加工的,1,,
slaughter,n. / v.,屠宰；宰殺,3,,
point,n. / v.,尖；尖端；尖頭,1,,
feeling,n. / adj.,感覺；觸覺；富於感情的,1,,
market,n. / v.,市場；銷售；購買,1,,
ruin,n. / v.,毀滅；使毀滅；毀壞,2,,
lecture,n. / v.,授課；演講；向……演講,2,,
me,pron.,我,1,,
evening,n.,傍晚；晚上；晚會,2,,
govern,v.,統治；進行統治；執政,3,,
fly,v. / n.,飛；駕駛；門簾,2,,
amusing,adj.,有趣的；好玩的；引人發笑的,3,,
pillar,n. / v.,柱；柱子；用柱支持,3,,
iv.,abbr.,= increased value 增加值；= intravenous,2,,
brag,v. / n.,吹牛；自吹；自誇,3,,
sew,v.,縫合；縫；做針線活,3,,
moist,adj.,潮濕的；微濕的；多雨的,3,,
professional,adj. / n.,職業的；職業選手,1,,
threaten,v.,威脅；恐嚇,3,,
armor,n. / v.,盔甲；為……穿盔甲,3,,
adjust,v.,調節；調整,2,,
furious,adj.,狂怒的；狂暴的；猛烈的,3,,
convert,v.,轉變；變換,2,,
hot,adj. / adv. / v.,熱的；熱地；使熱,1,,
tasty,adj.,高雅的；大方的；美味的,3,,
embezzle,v.,盜用；侵佔,3,,
kindness,n.[(,仁慈；和藹；好意,3,,
guard against,v.,防止,2,,
pimple,n.,丘疹；面皰；疙瘩,3,,
launch,v. / n.[t,使下水；開始；下水,2,,
break up,ph.,打碎；拆開；結束,1,,
pressing,adj. / n.,緊迫的；迫切的；壓,2,,
sun,n. / v.,太陽；曬；曝,2,,
internal,adj. / n.,內的；內部的；本質,2,,
implement,n.,工具；器具；用具,2,,
manager,n.,負責人；主任；經理,2,,
collection,n.,收集；採集；收取,2,,
overthrow,n.,打倒；推翻；過高的傳球,3,,
cabbage,n.,甘藍菜；高麗菜；卷心菜,3,,
complement,n.,補充物；補足物；配對物,3,,
canopy,n. / v.,頂篷；為……裝頂篷,3,,
appeal,v. / n.,呼籲；懇求；將……上訴,2,,
chop,v. / n.,砍；劈；斬,3,,
undertake,v.,試圖；著手做；進行,3,,
plump,v. / n.,倒下；墜下；使撲通倒下,3,,
old friend,ph.,我們是老朋友,1,,
faction,n.,派別；宗派；小集團,3,,
rub,v. / n.,擦；磨擦；摩擦,3,,
knot,n. / v.,結；把……打結；打結,3,,
fragrance,n.,芬芳；香味；香氣,3,,
duplicate,adj. / n.,完全一樣的；完全一樣的東西,3,,
ascertain,v.,查明；確定；弄清,3,,
bare,adj. / v.,裸的；使赤裸；做生意,2,,
loot,n. / v.,戰利品；搶劫；洗劫,3,,
nurse,n. / v.,護士；看護；護理,2,,
buy,v. / n.,買；購買,1,,
floor,n. / v.,地板；地面；在……鋪設地板,2,,
tie up,ph.,紮；停泊；阻礙,2,,
reflection,n.,反射；回響；反射光,2,,
all around,adj.,萬能的；多才多藝的；全能的,1,,
concentrated,adj.,集中的；濃縮的,3,,
school,n. / v.,學校；教育；訓練,1,,
interesting,adj.,有趣的；引起興趣的；令人關注的,2,,
torture,n. / v.,拷打；酷刑,2,,
intercept,v.,攔截；截住；截擊,3,,
weep,v. / n.,哭泣；流淚；流,3,,
substantial,adj. / n.,真實的；實在的；實在的東西,2,,
propose,v.,提議；建議；提出,3,,
determine,v.,決定,2,,
purpose,n. / v.,目的；意圖,2,,
slope,n. / v.,傾斜；使傾斜,3,,
indecisive,adj.,無決斷力的；優柔寡斷的；不明確的,3,,
harass,v.,使煩惱；煩擾；不斷騷擾,3,,
activity,n.,活動；活動力；行動,2,,
sail,n. / v.,帆；篷；航行,2,,
tall,adj. / adv.,身材高的；誇大地,2,,
shameful,adj.,可恥的；丟臉的；不道德的,3,,
circulate,v.,循環；環行；使循環,3,,
threshold,n.,門檻；出發點；開端,2,,
give birth,ph.,生產；生育,2,,
appoint,v.,任命；指派；委派職務,3,,
misfortune,n.,不幸；惡運；不幸的事,3,,
drift,v. / n.,漂；漂流；使漂流,3,,
go-between,ph.,居間調停,1,,
countless,adj.,數不盡的；無數的,3,,
from,preposition,從……起；始於；從,1,,
discipline,n. / v.,紀律；風紀；訓練,2,,
get,v.,獲得；到達,1,,
fuse,n. / v.,保險絲；熔線；把保險絲接入,3,,
cry,v. / n.,哭；哭出；叫喊,2,,
clumsy,adj.,笨拙的；手腳不靈活的；愚笨的,3,,
fall ill,ph.,生病,2,,
disclose,v.,使露出；使顯露；揭發,3,,
molt,v. / n.,蛻變；蛻脫；換毛,3,,
introduction,n.,介紹；正式引見；引進,2,,
temple,n.,神殿；聖堂；寺院,2,,
monster,n. / adj.,怪物；妖怪；巨大的,2,,
frequency,n.,頻繁；屢次；頻率,2,,
betray,v.,背叛；出賣；對……不忠,3,,
shape,n. / v.,形狀；使成形；成形,2,,
repay,v.,償還,3,,
coffin,n. / v.,棺材；靈柩；收殮,3,,
pragmatic,adj.,務實的；實幹的；實用主義的,3,,
authority,n.,權；權力；職權,2,,
lay out,ph.,展開；展示；擺出,2,,
handy,adj.,手邊的；近便的；便利的,3,,
flutter,v. / n.,振翼；拍翅；振,3,,
roast,v. / n.,烤；炙；烘,3,,
cease,v. / n.,停止；終止；結束,2,,
ascend,v.,登高；攀登,3,,
become,v.,變成；成為；適合,1,,
following,adj. / n. / preposition,接著的；其次的；一批追隨者,1,,
wind,n. / v.,風；使喘氣,2,,
stern,adj.,嚴格的；嚴厲的；嚴峻的,3,,
need,n. / v.,需要；有……必要；生活窮困,1,,
gift,n. / v.,禮品；向……贈送,2,,
live,v.,活；活著；過,1,,
nickname,n. / v.,綽號；渾名；給……起綽號,3,,
labor,n. / v.,勞動；過分詳盡闡述,2,,
new,adj. / adv.,新的；新,1,,
suspend,v.,懸掛；吊,3,,
vigor,n.,體力；精力；活力,3,,
testosterone,n.,睪酮；睪丸素,3,,
grumble,v. / n.,抱怨；發牢騷；埋怨,3,,
censure,v. / n.,責備,3,,
unstable,adj.,不穩固的；不固定的；不牢靠的,3,,
march,n. / v.,三月；前進；迫使……前進,1,,
course,n. / v.,路線；追獵；流動,1,,
pocket,n. / v. / adj.,口袋；把……裝入袋內；袖珍的,2,,
wither,v.,枯萎；乾枯；使枯萎,3,,
vivid,adj.,鮮豔的；鮮明的；強烈的,3,,
slender,adj.,修長的；苗條的；纖細的,3,,
hint,n. / v.,暗示；示意；作暗示,2,,
treat,v. / n.,對待；探討；請客,2,,
plate,n. / v.,盤子；盆；碟,2,,
bring about,ph.,引起；造成,1,,
focus,n. / v.,焦點；焦距；使聚焦,2,,
beg,v.,乞討,2,,
eat,v.,吃；進食,1,,
agitated,adj.,激動的；agitate的動詞過去式、過去分詞,3,,
interior,adj. / n.,內的；內部的；內側的,2,,
impoverished,adj.,窮困的；赤貧的；耗竭的,3,,
program,n. / v.,節目單；為……安排節目；設計電腦程式,1,,
declare,v.,宣布；宣告；聲明,2,,
accident,n.,事故；災禍；意外事情,2,,
subordinate,adj. / n.,下級的；部下；部屬,3,,
generation,n.,世代；一代；同時代的人,2,,
personal,adj. / n.,個人的；私人的；人事消息欄,1,,
counter,adv. / adj. / n.,反方向地；相反地；相反的,2,,
inn,n.,小旅館；客棧；小酒店,2,,
OK,a. / ad. / int.,可以的；尚可；好,1,,
crawl,v. / n.,爬；爬行；蠕動,3,,
finished,adj.,完成的；結束了的；精緻完美的,2,,
warship,n.,軍艦；艦艇,3,,
comprehensive,adj. / n.,廣泛的；專業綜合測驗；總考,2,,
wing,n. / v.,翅膀；在……裝翼；飛行,2,,
esa,abbr.,= Ecological Society of America 美國生態學學會；= Economic Stabilization Act 經濟穩定法案,3,,
evaluate,v.,估……的價；對……評價；為……鑑定,2,,
smash,v. / n.,粉碎；碎裂；打碎,2,,
surge,n. / v.,大浪；波濤；洶湧,3,,
damp,adj. / n. / v.,有濕氣的；濕氣；潮濕,3,,
arm,n.,臂；臂狀物；扶手,2,,
mix up,ph.,拌和；弄混,2,,
resolve,v. / n.,解決；解答；決心,2,,
sequence,n.,連續；接續；一連串,2,,
hatred,n.,憎恨；增惡；敵意,2,,
lock,n. / v.,鎖；鎖上；鎖住,2,,
despicable,adj.,可鄙的；卑劣的,3,,
counterfeit,adj. / v.,偽造的；偽造；從事偽造活動,3,,
lucky,adj.,幸運的；好運的；碰巧的,2,,
regulate,v.,管理；控制；為……制訂規章,3,,
variety,n.,多樣化；變化；種種,2,,
approve,v.,贊成；同意,2,,
factor,n. / v.,因素；分解……的因子；做代理商,2,,
attract,v.,吸；吸引,2,,
heavy,adj. / adv. / n.,重的；沉的；沉重地,2,,
draw up,ph.,起草；制訂；使靠近,2,,
tactful,adj.,機智的；圓滑的；老練的,3,,
precipice,n.,斷崖；絕壁；危急的處境,3,,
joyful,adj.,高興的；充滿喜悅的；使人高興的,3,,
ladle,n. / v.,杓子；以杓舀取,3,,
adorn,v.,裝飾；使生色,3,,
emperor,n.,皇帝,2,,
authentic,adj.,可信的；真實的；可靠的,2,,
attitude,n.,態度；意見；看法,2,,
unclear,adj.,不清楚的；不明白的；含糊不清的,3,,
height,n.,高；高度；海拔,2,,
etiquette,n.,禮節；禮儀；規矩,3,,
square,n. / adj. / v.,正方形；正方形的；使成正方形,2,,
community,n.,社區；共同社會；共同體,1,,
bar,n. / v. / preposition,棒；條；閂住,2,,
area,n.,面積；地區；區域,1,,
extort,v.,敲詐；勒索；侵佔,3,,
warehouse,n. / v.,倉庫；貨棧；把……存入倉庫,2,,
paste,n. / v.,漿糊；用漿糊黏貼,3,,
donate,v. / n.,捐獻；捐贈,2,,
savage,adj. / n. / v.,野性的；野蠻人；未開化的,2,,
breed,v. / n.,產；孵；生產,2,,
twist,v. / n.,扭轉；轉身；扭,2,,
territory,n.,領土；版圖；領地,2,,
drive away,v.,開走；驅車離開,1,,
boat,n. / v.,小船；划船；蕩槳,2,,
joyous,adj.,快樂的；高興的,3,,
building,n.,建築物；房屋；建築,1,,
vitality,n.,活力；生氣；生命力,3,,
courage,n.,膽量；勇氣；英勇,2,,
offend,v.,冒犯；違反,3,,
amiable,adj.,和藹可親的；厚道的；友好的,3,,
weave,v. / n.,織；紡織；織法,3,,
(onom.) bang,onom.,砰,3,,
(onom.) ding dong,onom.,叮咚,3,,
(onomat.),onom.,,3,,
a few,phr.,幾個,1,,
a short time,n.,一會兒；短暫時間,1,,
a small amount,n.,少量,2,,
abduct,v.,綁架,3,,
able,adj.,有能力的,1,,
abrupt,adj.,突然的；唐突的,3,,
abruptly,adv.,突然地,3,,
absolutely,adv.,絕對地,2,,
abyss,n.,深淵,3,,
access,n./v.,進入；使用權,1,,
acclaim,n./v.,讚譽；歡呼,3,,
accomplish,v.,完成,2,,
action,n.,行動,1,,
adjacent,adj.,鄰近的,2,,
after all,phr.,畢竟,1,,
afterwards,adv.,之後,2,,
aged,adj.,年老的,2,,
agency,n.,代理機構；能動性,2,,
air vent,n.,通風口,3,,
alarm,n./v.,警報；使驚慌,2,,
alarmed,adj.,惊慌的,3,,
all smiles,idiom,滿臉笑容,3,,
all the more,phr.,更加,1,,
all the time,phr.,一直；始終,1,,
alternate,v./adj.,輪流；交替的,2,,
alternative name,n.,別名,2,,
Alzheimer's disease,n.,阿茲海默症,3,,
ambiguous,adj.,模糊的；模稜兩可的,3,,
amuse oneself,v.,自娛,3,,
analyze,v.,分析,3,,
another,adj./pron.,另一個,1,,
anywhere,adv.,任何地方,2,,
ape,n.,猿,3,,
apex,n.,頂點,3,,
apologize,v.,道歉,2,,
arbitrary,adj.,武斷的；任意的,3,,
ardent,adj.,熱烈的,3,,
armpit,n.,腋下,3,,
article,n.,文章；物品；冠詞,1,,
as before,phr.,如同以往,1,,
as expected,phr.,如預期般,2,,
aspect,n.,方面；外觀,2,,
assert,v.,斷言；主張,3,,
at a loss,idiom,不知所措,1,,
at the same time,phr.,同時,1,,
ATM,n.,自動櫃員機,3,,
attract attention,v.,引人注意,2,,
auspicious,adj.,吉祥的,3,,
bachelor,n.,學士；單身漢,3,,
backup,n.,備份；支援,2,,
bad luck,n.,倒楣；壞運,2,,
band,n.,樂團；帶子,2,,
barn,n.,谷倉,3,,
basis,n.,基礎,2,,
be born,v.,出生,1,,
beat a drum,v.,打鼓,2,,
beautiful woman,n.,美女,2,,
before,prep./adv.,在……之前,1,,
beforehand,adv.,事先,3,,
beginning,n.,開始,2,,
believe,v.,相信,1,,
belittle,v.,貶低,3,,
bent,adj.,一心的；彎曲的,3,,
berate,v.,嚴厲責罵,3,,
bewildered,adj.,困惑的,3,,
big shot,n.,大人物,1,,
bill,n.,帳單；法案,1,,
birds,n.,鳥類,2,,
birthday,n.,生日,2,,
black box,n.,黑盒子,2,,
blackmail,n./v.,勒索,3,,
bless,v.,祝福,2,,
blossom,n./v.,花朵；開花,3,,
blush,v./n.,臉紅,3,,
boatman,n.,船夫,3,,
bond,n.,羈絆；債券,2,,
border area,n.,邊境地區,2,,
borrow,v.,借入,3,,
both sides,n.,雙方,2,,
bounce,v.,彈跳,2,,
braid,n./v.,辮子；編織,3,,
brains,n.,腦子；智慧,2,,
break a promise,v.,食言；違背承諾,2,,
break in,v.,闖入；馴服,1,,
breast,n.,胸部；乳房,2,,
bridge,n.,橋樑,2,,
broadcast,v./n.,廣播,2,,
brutal,adj.,殘忍的,2,,
buckle,v./n.,扣上；扣環,3,,
Buddha,n.,佛陀,3,,
bump,v./n.,碰撞；腫塊,3,,
bundle,n.,束；捆；包袱,3,,
burst,v./n.,爆裂；突然爆發,2,,
bus stop,n.,公車站,2,,
cable,n.,電纜；有線電視,2,,
cake,n.,蛋糕,2,,
calculus,n.,微積分；牙結石,3,,
call on,v.,拜訪；號召,1,,
camp,n.,露營；營地,2,,
can,modal v.,能夠,1,,
cannot,modal v.,不能,1,,
cape,n.,披肩；海角,2,,
care about,v.,在乎,1,,
carefully,adv.,小心地,2,,
cast,v./n.,投擲；鑄造；演員陣容,2,,
catch fire,v.,起火；著火,2,,
cause trouble,v.,惹麻煩,2,,
cave in,v.,塌陷；屈服,2,,
center,n.,中心,1,,
change into,v.,變成；換穿,1,,
chant,v./n.,吟唱；聖歌,3,,
chart,n.,圖表,2,,
cinnabar,n.,朱砂,3,,
circumstances,n.,情況；環境,2,,
cite,v.,引用,3,,
clam,n.,蛤蜊,3,,
clarify,v.,澄清,3,,
clay,n.,黏土,2,,
close friend,n.,知心朋友,1,,
cluster,n./v.,群集；簇,3,,
collaborate,v.,合作,3,,
collar,n.,衣領；項圈,2,,
color,n.,顏色,2,,
come,v.,來,1,,
come to blows,idiom,動起手來；打起來,2,,
comfort,n./v.,舒適；安慰,2,,
comfortable,adj.,舒適的,2,,
commit a crime,v.,犯罪,2,,
commit suicide,v.,自殺,2,,
complaint,n.,抱怨；投訴,2,,
comply,v.,遵從,2,,
concerning,prep.,關於,2,,
confession,n.,忏悔；供認,3,,
confirm,v.,確認,2,,
connection,n.,連接；關係,2,,
conscious,adj.,有意識的,2,,
conspire,v.,共謀；密謀,3,,
constantly,adv.,不斷地,2,,
contrast,n./v.,對比,2,,
contribute,v.,貢獻,2,,
convince,v.,說服,2,,
cool,adj.,涼爽的；酷的,1,,
cordial,adj.,熱誠的,3,,
corporation,n.,公司；法人團體,2,,
cost,n./v.,成本；花費,1,,
country,n.,國家；鄉村,1,,
courageous,adj.,勇敢的,3,,
court,n.,法院；宮廷,1,,
courtyard,n.,庭院,3,,
covet,v.,貪求；覬覦,3,,
crease,n.,折痕,3,,
create a disturbance,v.,製造騷動,3,,
creeper,n.,攀藤植物,3,,
crevice,n.,裂縫,3,,
criminal,n./adj.,罪犯；犯罪的,2,,
crimson,adj./n.,深紅色,3,,
crouch,v.,蹲下,3,,
crude,adj.,粗糙的；未加工的,3,,
crumble,v.,崩潰；碎裂,3,,
curb,v./n.,抑制；路緣,3,,
curtain,n.,窗簾；幕布,3,,
cut down,v.,砍倒；減少,1,,
dam,n.,水壩,2,,
data,n.,資料,1,,
date,n./v.,日期；約會；追溯至,1,,
dawdle,v.,閒蕩；磨蹭,3,,
dazzling,adj.,耀眼的,3,,
dealer,n.,商人；經銷商,2,,
death,n.,死亡,1,,
deficiency,n.,缺乏；不足,3,,
defy,v.,違抗；藐視,3,,
delicacies,n.,美食；珍饈,3,,
delicious,adj.,美味的,2,,
department,n.,部門,1,,
department store,n.,百貨公司,2,,
designate,v.,指定,3,,
desk,n.,書桌,2,,
destiny,n.,命運,2,,
detector,n.,探測器,3,,
diarrhea,n.,腹瀉,3,,
dignity,n.,尊嚴,2,,
dimple,n.,酒窩,3,,
dirt,n.,泥土；污垢,2,,
discount,n./v.,折扣；打折扣,2,,
discussion,n.,討論,2,,
dispel doubts,v.,消除疑慮,3,,
dissident,n.,異議人士,3,,
dissolve,v.,溶解；解散,3,,
distress,n.,苦難；危難,3,,
distribution,n.,分配；分發,2,,
district,n.,區域；行政區,1,,
diverge,v.,分歧；分岔,3,,
do one's utmost,phr.,盡全力,3,,
docs,n.,文件,3,,
doctrine,n.,教義；主義,3,,
documents,n.,文件,2,,
don't mention it,phr.,不客氣,2,,
doubt,n./v.,懷疑,2,,
dowry,n.,嫁妝,3,,
draw out,v.,拉出；延長,2,,
dress up,v.,盛裝打扮,2,,
dried meat,n.,肉乾,3,,
drown,v.,溺死；淹沒,3,,
dupe,v./n.,欺騙；受騙者,3,,
dwarf,n.,侏儒；矮星,3,,
dwelling place,n.,居所,3,,
east,n.,東方,1,,
easy-going,adj.,隨和的,1,,
echo,n./v.,回聲；重複,2,,
eddy,n.,漩渦,3,,
effect,n.,效果,1,,
effective,adj.,有效的,2,,
efficient,adj.,有效率的,2,,
element,n.,元素；要素,2,,
eloquent,adj.,雄辯的；有說服力的,3,,
empress,n.,皇后；女皇,3,,
enchanting,adj.,迷人的,3,,
enclosure,n.,圍欄；附件,3,,
end of the year,n.,年底,1,,
endless,adj.,無盡的,2,,
english,n.,英語,1,,
enjoy,v.,享受,1,,
enlighten,v.,啟發；開導,3,,
enlist,v.,參軍；徵募,3,,
ensure,v.,確保,2,,
enthusiasm,n.,熱情,2,,
enthusiastic,adj.,熱情的,3,,
enumerate,v.,列舉,3,,
envy,n./v.,嫉妒,3,,
equivalent,adj./n.,相等的；等價物,2,,
erase,v.,擦除,3,,
eternal,adj.,永恆的,2,,
everyday,adj.,日常的,2,,
everyone,pron.,每個人,1,,
evil spirit,n.,邪靈,2,,
excavate,v.,挖掘,3,,
exclamation,n.,感嘆詞,3,,
exclude,v.,排除,3,,
execute,v.,執行；處決,3,,
expansive,adj.,開朗的；廣闊的,3,,
eyeball,n.,眼球,3,,
eye-catching,adj.,引人注目的,2,,
fairyland,n.,仙境,3,,
fall down,v.,跌倒,1,,
fare,n.,車資；食物,3,,
fasten,v.,扣緊；繫牢,3,,
feelings,n.,情感；情緒,2,,
fetters,n.,腳鐐；束縛,3,,
fiend,n.,魔鬼；惡魔,3,,
files,n.,檔案,2,,
find,v.,找到,1,,
fine rain,n.,細雨,2,,
first-rate,adj.,第一流的,1,,
fisherman,n.,漁夫,3,,
flame,n.,火焰,2,,
flavor,n.,風味,2,,
flaw,n.,缺陷,3,,
flexibility,n.,彈性；靈活性,2,,
flourish,v./n.,茁壯成長；繁榮,3,,
flourishing,adj.,繁榮的,3,,
flower bud,n.,花蕾,3,,
food and drink,n.,飲食,2,,
footprint,n.,腳印；碳足跡,3,,
for,prep.,為了；因為,1,,
foreign,adj.,外國的,1,,
foreigner,n.,外國人,3,,
forever,adv.,永遠,2,,
forget,v.,忘記,1,,
formidable,adj.,強大的；令人敬畏的,3,,
formula,n.,公式；配方,2,,
fragment,n.,碎片,3,,
frail,adj.,脆弱的,3,,
free time,n.,空閒時間,1,,
freeze,v.,冰凍；結冰,2,,
front,n.,前面；前線,1,,
frontier,n.,邊境,3,,
frown,v./n.,皺眉,3,,
fruit,n.,水果；成果,2,,
fun,n.,樂趣,1,,
gangster,n.,黑幫分子,3,,
gate,n.,大門,2,,
gesticulate,v.,做手勢,3,,
gesture,n.,手勢,3,,
get angry,v.,生氣,2,,
gist,n.,要點,3,,
glory,n.,光榮,2,,
glossy,adj.,有光澤的,3,,
glutton,n.,貪吃的人,3,,
go back on one's word,idiom,食言,2,,
go through,v.,經歷；仔細檢查,1,,
good-looking,adj.,好看的,1,,
government,n.,政府,1,,
grab,v.,抓住；攫取,2,,
graduate,v./n.,畢業；畢業生,2,,
grapefruit,n.,葡萄柚,3,,
greasy,adj.,油膩的,3,,
great aunt,n.,姑婆／姨婆,2,,
grim,adj.,嚴峻的；陰森的,3,,
groove,n.,凹槽；節奏感,3,,
halt,v./n.,停止,3,,
hang down,v.,下垂,2,,
hard understand,phr.,難以理解,1,,
hardship,n.,困苦,3,,
have fun,v.,玩得開心,1,,
healthy,adj.,健康的,2,,
hearse,n.,靈車,3,,
hell,n.,地獄,1,,
helpless,adj.,無助的,3,,
henceforth,adv.,從今以後,3,,
hero,n.,英雄,2,,
hiccup,n.,打嗝,3,,
high official,n.,高官,1,,
hiphop,n.,嘻哈音樂／文化,3,,
hoist,v.,舉起；吊起,3,,
hold power,v.,掌權,1,,
hoop,n.,鐵環；籃圈,3,,
horizontal,adj.,水平的,3,,
host,n.,主人；主辦者,2,,
hubbub,n.,喧鬧,3,,
hum,v.,嗡嗡作響；哼唱,3,,
humiliate,v.,羞辱,3,,
hunt,v.,打獵；搜尋,2,,
hurriedly,adv.,匆忙地,3,,
husband,n.,丈夫,2,,
hypothesis,n.,假設,3,,
ideology,n.,意識形態,2,,
idiom,n.,成語；慣用語,3,,
ii.,—,二,1,,
iii.,—,三,2,,
ill at ease,phr.,不自在；不安,2,,
imagine,v.,想像,2,,
imperial concubine,n.,妃嬪,3,,
in,prep.,在…裡面,1,,
in dire straits,phr.,身處困境,3,,
in olden days,phr.,古時候,3,,
in succession,phr.,連續地,3,,
inappropriate,adj.,不適當的,3,,
incessantly,adv.,不停地,3,,
incomplete,adj.,不完整的,3,,
increasingly,adv.,日益；越來越多地,2,,
incredible,adj.,難以置信的,2,,
indication,n.,指示；跡象,2,,
indiscriminate,adj.,不加區分的；任意的,3,,
infect,v.,感染,3,,
insert,v.,插入,2,,
inside,prep./n.,裡面,1,,
integrate,v.,整合,3,,
intermittent,adj.,間歇的,3,,
interview,n./v.,面試；訪談,2,,
intonation,n.,語調,3,,
intoxicated,adj.,醉的,3,,
IOU,n.,借據,3,,
"Iowa, US state",n.,愛荷華州,2,,
irrigate,v.,灌溉,3,,
jade-like stone,n.,似玉的石頭,3,,
jar,n.,罐子；刺耳聲,3,,
jingling of bells,n.,鈴鐺叮噹聲,3,,
kindly,adv.,好心地；請,3,,
kowtow,v.,磕頭,3,,
landlord,n.,房東,3,,
landscape,n.,風景；地貌,2,,
leak,v./n.,泄漏,2,,
leave behind,v.,留下；遺忘,1,,
leave out,v.,遺漏,1,,
legal case,n.,法律案件,2,,
lies,n.,謊言,2,,
like this,phr.,像這樣,1,,
listen,v.,聽,1,,
listless,adj.,無精打采的,3,,
locomotive,n.,機車；火車頭,3,,
look askance,phr.,怀疑地斜視,3,,
look up,v.,查閱；仰望,1,,
looks,n.,外貌,1,,
loosen,v.,放鬆；鬆開,3,,
lotus,n.,蓮花,3,,
loud,adj.,大聲的,2,,
lovely,adj.,可愛的,2,,
lowly,adj.,卑微的,3,,
loyalty,n.,忠誠,2,,
luxurious,adj.,奢華的,3,,
maiden,n.,少女；未婚女子,3,,
make known,v.,公佈；使知道,1,,
malaria,n.,瘧疾,3,,
malpractice,n.,玩忽職守；不當行為,3,,
manure,n.,糞肥,3,,
marsh,n.,沼澤,3,,
maternal grandmother,n.,外婆,3,,
may,modal v.,可能；可以,1,,
media,n.,媒體,1,,
mediocre,adj.,平庸的,3,,
medium,n./adj.,媒介；中等的,2,,
menstruation,n.,月經,3,,
mention,v.,提到,2,,
message,n.,訊息,2,,
micro-,prefix,微型；微小,2,,
midnight,n.,午夜,2,,
military,adj./n.,軍事的；軍隊,1,,
milk,n.,牛奶,2,,
mill,n.,磨坊；工廠,2,,
millionaire,n.,百萬富翁,3,,
minute,adj.,微小的,2,,
miscellaneous,adj.,雜項的,3,,
miserly,adj.,吝嗇的,3,,
mixed,adj.,混合的,2,,
modify,v.,修改,3,,
mole,n.,痣；鼴鼠,3,,
moment,n.,瞬間；時刻,1,,
monkey,n.,猴子,2,,
moral character,n.,道德品格,2,,
more than half,phr.,超過一半,1,,
mountain peak,n.,山頂,2,,
mountain stream,n.,山澗,2,,
mouth,n.,嘴巴,2,,
muddle-headed,adj.,頭腦糊塗的,3,,
multi-colored,adj.,多彩的,2,,
mumble,v.,喃喃自語,3,,
Muscovitum,n.,雲母,3,,
music,n.,音樂,1,,
name of a feudal state,n.,諸侯國名,3,,
name of a mountain,n.,山名,2,,
name of a river,n.,河流名稱,2,,
name of a tribe,n.,部族名稱,2,,
narrate,v.,敘述,3,,
nasal mucus,n.,鼻涕,3,,
native place,n.,籍貫；故鄉,2,,
natural,adj.,自然的；天生的,1,,
nearly,adv.,幾乎,2,,
needlework,n.,針線活,3,,
netherworld,n.,陰間,3,,
network,n.,網路；人脈,1,,
noble,adj./n.,高尚的；貴族,2,,
not at all,phr.,一點也不,1,,
not necessarily,phr.,不一定,2,,
notable,adj.,顯著的；值得注意的,2,,
nowadays,adv.,如今,2,,
objective,n./adj.,目標；客觀的,2,,
obliterate,v.,消滅；抹去,3,,
obscene,adj.,猥褻的,3,,
observer,n.,觀察者,3,,
occasionally,adv.,偶爾,2,,
ocean,n.,海洋,2,,
offer,v./n.,提供；提議,1,,
oily,adj.,油膩的；油性的,3,,
older sister,n.,姐姐,2,,
omit,v.,省略,3,,
once,adv.,一次；曾經,1,,
ooze,v.,滲出,3,,
open fire,v.,開火,1,,
open up,v.,打開；敞開心扉,1,,
opinion,n.,意見,2,,
ordinary person,n.,普通人,2,,
orientation,n.,方向；定位；迎新活動,2,,
originally,adv.,最初,2,,
ornament,n.,裝飾品,3,,
overbearing,adj.,專橫的,3,,
overcome,v.,克服,2,,
overtake,v.,超越；趕上,3,,
overturn,v.,推翻；翻倒,3,,
own,v./adj.,擁有；自己的,1,,
pace,n.,步伐；速度,2,,
pace back and forth,v.,來回踱步,2,,
pages,n.,頁數；書頁,2,,
pain,n.,疼痛,1,,
painkiller,n.,止痛藥,3,,
painting,n.,繪畫；油畫,2,,
pair,n.,一對,2,,
panacea,n.,萬靈丹,3,,
panels,n.,面板；專家小組,2,,
panic,n./v.,驚慌,2,,
pass the buck,idiom,推卸責任,3,,
past events,n.,往事,2,,
paua,n.,鮑魚,3,,
peel,v.,剝皮,3,,
peep,v.,偷看,3,,
pelican,n.,鵜鶘,3,,
penetrating,adj.,尖銳的；透徹的,3,,
perception,n.,感知；洞察力,2,,
perfume,n.,香水,3,,
pier,n.,碼頭,3,,
pitch-black,adj.,漆黑的,2,,
pity,n./v.,同情；可惜,3,,
pluck,v./n.,拔；勇氣,3,,
politics,n.,政治,2,,
poplar,n.,白楊樹,3,,
porridge,n.,粥,3,,
portrait,n.,肖像,2,,
posture,n.,姿勢,3,,
pottery,n.,陶器,3,,
pout,v.,撅嘴,3,,
poverty-stricken,adj.,貧困的,3,,
powder,n.,粉末,2,,
predicament,n.,困境,3,,
pregnant,adj.,懷孕的,2,,
previous,adj.,先前的,2,,
prick,v./n.,刺；扎,3,,
problem,n.,問題,1,,
products,n.,產品,1,,
profession,n.,職業,2,,
profile,n.,側面；簡介,2,,
profiteer,n.,投機商人；牟取暴利者,3,,
prohibition,n.,禁令,3,,
project,n.,計畫；專案,1,,
promotion,n.,晉升；促銷,2,,
promptly,adv.,迅速地,3,,
propagate,v.,傳播；繁殖,3,,
protection,n.,保護,2,,
puncture,n./v.,刺破；穿孔,3,,
pungent,adj.,辛辣的；尖銳的,3,,
pure white,adj.,純白,2,,
purge,v./n.,清除；肅清,3,,
purify,v.,淨化,3,,
quilt,n.,被子,3,,
quiver,v./n.,顫抖；箭袋,3,,
quote,v./n.,引述；報價,2,,
r.,abbr.,,1,,
rack one's brains,idiom,絞盡腦汁,3,,
rainbow,n.,彩虹,2,,
raise (animals),v.,飼養,2,,
receipt,n.,收據,3,,
recently,adv.,最近,1,,
recite,v.,背誦,3,,
red,adj.,紅色的,1,,
red-light district,n.,紅燈區,2,,
referendum,n.,公投,3,,
regulations,n.,規章,2,,
rejoice,v.,歡喜；慶祝,3,,
related,adj.,有關的,1,,
relocate,v.,遷移,3,,
repel,v.,驅逐；排斥,3,,
reply to a letter,v.,回信,2,,
report,n./v.,報告,1,,
requirement,n.,要求；必要條件,2,,
resentment,n.,怨恨,3,,
reside,v.,居住,3,,
resistance,n.,抵抗,2,,
resolution,n.,決心；解析度；決議,2,,
responsibility,n.,責任,2,,
revile,v.,辱罵,3,,
revive,v.,復甦；復活,3,,
revolt,n./v.,叛亂；反抗,3,,
rhetoric,n.,修辭；華而不實的言辭,3,,
rhythm,n.,節奏,2,,
river,n.,河流,1,,
romance,n.,浪漫；愛情故事,2,,
rope,n.,繩子,2,,
roughly,adv.,粗略地；大約,2,,
row,n.,一排；爭吵,2,,
ruined,adj.,毀壞的；破敗的,2,,
rumor,n.,謠言,3,,
savings,n.,儲蓄,2,,
scabbard,n.,刀鞘,3,,
scandal,n.,醜聞,2,,
scar,n.,疤痕,3,,
scope,n.,範圍；scope,2,,
seasoning,n.,調味料,3,,
seat,n.,座位,2,,
second,n./adj.,秒；第二,1,,
sect,n.,教派,3,,
secure,adj./v.,安全的；取得,2,,
see clearly,v.,看清楚,2,,
self,n.,自我,1,,
send back,v.,退回；遣返,1,,
sensible,adj.,明智的；合理的,3,,
sensitive,adj.,敏感的,2,,
serve as,v.,充當；作為,2,,
set out,v.,出發；陳述,1,,
settled,adj.,已解決的；穩定的,2,,
settlement,n.,定居點；和解,2,,
sexy,adj.,性感的,2,,
shabby,adj.,破舊的,3,,
shackles,n.,鎖鏈；束縛,3,,
shame,n.,羞恥,2,,
ship,n./v.,船；運送,2,,
shoal,n.,浅灘；魚群,3,,
short,adj.,短的；矮的,1,,
shout loudly,v.,大聲喊叫,3,,
shovel,n.,鐵鍬,3,,
shrewd,adj.,精明的,3,,
sickness,n.,疾病,3,,
side door,n.,側門,2,,
silicosis (occupational disease of miners),n.,矽肺病,3,,
silly,adj.,愚蠢的,2,,
simply,adv.,簡單地；只不過,1,,
sin,n.,罪過,2,,
sincerity,n.,真誠,3,,
sinister,adj.,不祥的；陰險的,3,,
sky,n.,天空,2,,
slanting,adj.,傾斜的,3,,
sleeve,n.,袖子,3,,
slow down,v.,減速,2,,
snore,v./n.,打鼾,3,,
so as to,phr.,以便；為了,1,,
society,n.,社會,1,,
solder,n./v.,焊錫；焊接,3,,
sparse,adj.,稀疏的,3,,
split open,v.,裂開,2,,
spring,n./v.,春天；湧出,2,,
spy on,v.,監視；窺探,2,,
squeeze,v.,擠壓,3,,
squint,v.,眯眼看,3,,
stag,n.,公鹿,3,,
stagger,v.,蹣跚；使震驚,3,,
star,n.,星星；明星,1,,
stare at,v.,盯著看,3,,
stare blankly,v.,茫然凝視,3,,
statement,n.,聲明；陳述,2,,
step by step,phr.,逐步地,2,,
sticky rice,n.,糯米,3,,
stimulate,v.,刺激；促進,3,,
sting,v./n.,刺痛；叮螫,3,,
stitch,n./v.,縫線；縫合,3,,
stockpile,n./v.,儲備,3,,
stop over,v.,途中停留,1,,
stop up,v.,塞住,1,,
storm,n./v.,暴風雨；猛攻,2,,
strangle,v.,勒死,3,,
string,n.,繩子；一串,2,,
strive for,v.,努力追求,3,,
stunned,adj.,震驚的,3,,
stupid person,n.,愚笨的人,2,,
subsidiary,n./adj.,子公司；附屬的,3,,
suburbs,n.,郊區,3,,
sufficient,adj.,足夠的,2,,
suffix,n.,字尾,3,,
suggest,v.,建議,2,,
supervisor,n.,主管；指導者,3,,
surface,n./v.,表面；浮出水面,2,,
sweet,adj.,甜的；可愛的,2,,
table,n.,桌子；表格,1,,
tally,n./v.,計數；符合,3,,
tampon,n.,衛生棉條,3,,
task,n.,任務,2,,
tear,n./v.,眼淚；撕裂,2,,
tedious,adj.,枯燥乏味的,3,,
temper,n./v.,脾氣；調和,3,,
terrified,adj.,極度恐懼的,3,,
terrify,v.,使恐懼,3,,
the masses,n.,群眾,3,,
the number two,n.,數字二,1,,
the whole family,n.,全家,1,,
think of,v.,想起；考慮,1,,
thoroughfare,n.,交通要道,3,,
thought,n.,思想；想法,1,,
thoughtless,adj.,欠考慮的；粗心的,3,,
thoughts,n.,思緒；想法,2,,
thread,n.,線；螺紋,2,,
thriving,adj.,茁壯的；繁榮的,3,,
thwart,v.,阻撓,3,,
tickle,v.,撓癢；逗樂,3,,
tide,n.,潮汐,2,,
to accept,v.,接受,2,,
to admire,v.,钦佩；欣賞,3,,
to argue,v.,爭吵,2,,
to be engaged,v.,訂婚,2,,
to be in love with,v.,深愛；迷戀,1,,
to betray,v.,背叛,3,,
to break up,v.,分手,1,,
to care for,v.,關心；照顧,1,,
to cheat,v.,出軌；欺騙,2,,
to date,v.,約會,1,,
to divorce,v.,離婚,2,,
to fall in love,v.,墜入愛河,1,,
to flirt,v.,調情,3,,
to forgive,v.,原諒,2,,
to get married,v.,結婚,1,,
to make up,v.,言歸於好,1,,
to miss,v.,想念,1,,
to propose,v.,求婚,3,,
to refuse,v.,拒絕,2,,
to remarry,v.,再婚,3,,
to respect,v.,尊重,1,,
to support,v.,支持,1,,
to take seriously,v.,認真對待,2,,
to trust,v.,信任,1,,
toad,n.,蟾蜍,3,,
tolerate,v.,容忍,3,,
tomorrow,n.,明天,1,,
tone of voice,n.,語氣,2,,
topic,n.,主題,2,,
tower,n.,塔,2,,
transcend,v.,超越,3,,
transient,adj.,短暫的,3,,
travel expenses,n.,差旅費,2,,
treacherous,adj.,背叛的；危險的,3,,
tree trunk,n.,樹幹,3,,
tremble with fear,v.,因恐懼而顫抖,3,,
trivial matter,n.,琐事,3,,
troca,n.,交換,3,,
trowel,n.,抹刀；泥鏟,3,,
truly,adv.,真正地,2,,
try,v.,嘗試,1,,
tunnel,n.,隧道,2,,
turn over a new leaf,idiom,改過自新,2,,
twilight,n.,黃昏；暮光,3,,
twitter,n.,推特；鳥鳴聲,2,,
unavoidable,adj.,不可避免的,3,,
uncover,v.,揭露；揭開,3,,
uneasy,adj.,不安的,3,,
unfinished,adj.,未完成的,3,,
unload,v.,卸下,3,,
until now,adv.,直到現在,1,,
untiring,adj.,不知疲倦的,3,,
up to,phr.,由……決定；達到,1,,
uphold,v.,支持；維護,3,,
valuable,adj./n.,有價值的；貴重物品,2,,
vanguard,n.,先鋒,3,,
vegetables,n.,蔬菜,2,,
very few,adj.,極少的,1,,
vessel,n.,船隻；容器；血管,2,,
vestige,n.,遺跡；痕跡,3,,
vice,n.,罪惡；缺點,2,,
victim,n.,受害者,2,,
vilify,v.,詆毀,3,,
virtuous,adj.,有德行的,3,,
vision,n.,視力；願景,2,,
visitor,n.,訪客,2,,
volume,n.,體積；音量；卷冊,2,,
voucher,n.,憑證；代金券,3,,
wait,v.,等待,1,,
wait a moment,phr.,稍等一下,2,,
wall,n.,牆壁,1,,
wallet,n.,錢包,2,,
want,v.,想要,1,,
wao,interj.,哇喔,3,,
war on all sides (idiom); fighting from all four quarters,idiom,四面楚歌；腹背受敵,3,,
wart,n.,疣,3,,
watch,v./n.,觀看；手錶,1,,
water,n.,水,1,,
wealth,n.,財富,2,,
weapons,n.,武器,2,,
weary,adj.,疲倦的,3,,
weight,n.,重量,1,,
weird,adj.,奇怪的,2,,
well,adv.,好地；嗯,1,,
well-known,adj.,著名的,1,,
west,n.,西方,1,,
whirlpool,n.,漩渦,3,,
whirlwind,n.,旋風；急速行動,3,,
whiskers,n.,鬍鬚,3,,
wholeheartedly,adv.,全心全意地,3,,
width,n.,寬度,2,,
win,v.,贏得,1,,
wine cup,n.,酒杯,2,,
wipe,v.,擦拭,2,,
with,prep.,和……一起；具有,1,,
withstand,v.,抵抗；承受,3,,
word,n.,字；話,1,,
wording,n.,措辭,3,,
worn out,adj.,磨損的；筋疲力盡的,2,,
wrestle,v.,摔角；搏鬥,3,,
wring,v.,擰；絞,3,,
wrinkle,n./v.,皺紋；起皺,3,,
yawn,v./n.,打哈欠,3,,
yeast,n.,酵母,3,,
yielding,adj.,柔軟的；順從的,3,,
yoke,n.,軛；束縛,3,,
